identifier	query_id	query_key	status	requested_sort	hit_count	pages	retained_citations	primary_review_status
CHEBI:27666	0	0454581aed4998627be2ff9d805ae2fc2d49a897061cbb8aae4d7dfca2a6efc3	CURSOR_TRAVERSAL_COMPLETE		494	1	494	PENDING
CHEBI:46345	0	45dd23046eb3aeb541ceaf5a18675ad8f319472f3d3bdafe6c12a0639bc6cd99	CURSOR_TRAVERSAL_COMPLETE		1836	2	1836	PENDING
CHEBI:69478	0	c0c236abc9a9a5ca86d94f02257006a82234d8afc299c791779a4a515bf78428	CURSOR_TRAVERSAL_COMPLETE		134	1	134	PENDING
CHEBI:72292	0	742a57a1ff1cd6ac451b0660155a7179f1534e1b04eb0446e845e4fceeacfe25	CURSOR_TRAVERSAL_COMPLETE		461	1	461	PENDING
CHEBI:2674	0	9327ee682993a3ef1c40a02d39f7f76b13a0e28da2367e43dbfb8446fe051f96	CURSOR_TRAVERSAL_COMPLETE		347	1	347	PENDING
CHEBI:421707	0	2a0bdddf78c8fa3a153930800eec42b993856ece7c1c107f02c6de8ef2dd7aaf	CURSOR_TRAVERSAL_COMPLETE		359	1	359	PENDING
CHEBI:15366	0	e72d0558094e538f99585647bd27fcc6e53979527359b34fa07d6cc5770e4b22	CURSOR_TRAVERSAL_COMPLETE		1865	2	1865	PENDING
CHEBI:2637	0	69e5bd5f3d598d460788dba9b0e31f041dcd84158cb26b0e6c4f0cdec5e3761e	CURSOR_TRAVERSAL_COMPLETE		2503	3	2503	PENDING
CHEBI:16664	0	d035b3afb19dc2c9554a8d13cbaae5bef03d2ad0bd80e2ff0af21d5df3b7d58d	CURSOR_TRAVERSAL_COMPLETE		176	1	176	PENDING
CHEBI:30769	0	4639269b86e71ded81654af3b8d52124e1fde7125f731d9ed78c2b64be0d4212	CURSOR_TRAVERSAL_COMPLETE		291	1	291	PENDING
CHEBI:3749	0	f3d0edf1da2ad7db6287ed952365cfdf0525ec77327eb876b3d1b039e3921c88	CURSOR_TRAVERSAL_COMPLETE		215	1	215	PENDING
CHEBI:195280	0	64220e425c1f5da358b3b1c28d43c7da609c1c199de48cdbefdc96066b1e9c76	CURSOR_TRAVERSAL_COMPLETE		373	1	373	PENDING
CHEBI:2453	0	4fe33b6e6149883712d61072a8db843ccfba208f835528edc05ab977daa93cdf	CURSOR_TRAVERSAL_COMPLETE		532	1	532	PENDING
antibioticmech:aro-1fe0873afd	0	81c2976f8202c8df93771d7dabad5e40f84daa053e2b38ef353fcfa71445638a	CURSOR_TRAVERSAL_COMPLETE		174	1	174	PENDING
CHEBI:2676	0	fd38a79fab618ec1f865328d81be83ff7e24c79c81c723465263330a4fbb6b7b	CURSOR_TRAVERSAL_COMPLETE		2583	3	2583	PENDING
CHEBI:2682	0	0b91c8e3f36739426e838c5ece40655d7754c8160b1395946ae9814911fdaec7	CURSOR_TRAVERSAL_COMPLETE		1180	2	1180	PENDING
CHEBI:41977	0	f3e709dda9f4cbe6ebd2447bcfad9e73494cc77494fccd934800f55ffd2f94be	CURSOR_TRAVERSAL_COMPLETE		523	1	523	PENDING
CHEBI:40009	0	65865cd0fff5549a5fab1a2a209057bfd798a0a284d8fb96551aad68a87a5fab	CURSOR_TRAVERSAL_COMPLETE		112	1	112	PENDING
CHEBI:223316	0	67da21fc076420f25d75d298469dac83cf4aaa969954ab8e3fb4cc859b01e3be	CURSOR_TRAVERSAL_COMPLETE		1756	2	1756	PENDING
CHEBI:2469	0	715e5c3587d8934a52c3e81737f6e30eb5729e9c20d4a648fa180c0c8d88172d	CURSOR_TRAVERSAL_COMPLETE		685	1	685	PENDING
CHEBI:30746	0	bca01f1b810c749e1e22cf9ccfd445350b7b68c98cebae6585485357074862b2	CURSOR_TRAVERSAL_COMPLETE		160	1	160	PENDING
CHEBI:28971	0	2c1824e595c172bfd62a9c639c847ea290b988b8971d40ba95a0b27d6f716029	CURSOR_TRAVERSAL_COMPLETE	P_PDATE_D desc	6611	7	6611	PENDING
CHEBI:55346	0	ddcf2b0479d8863d68b3c085dea3cd775151bc834432ac0c99450793946f2b09	CURSOR_TRAVERSAL_COMPLETE		237	1	237	PENDING
CHEBI:48958	0	b0ab0074d2bc617973274f5255d2391c8d0ebb7454d789abcf9410599278b980	CURSOR_TRAVERSAL_COMPLETE		299	1	299	PENDING
CHEBI:4325	0	87702dab724498ca2a8878d309f76eb8fa06b11f3630d5cfb34e2d43d0bfd308	CURSOR_TRAVERSAL_COMPLETE		146	1	146	PENDING
CHEBI:63918	0	2ee9f77398fb3d4f54a5d8bccd75ce408dfff51fd248cdf00baf0549bfd9ae28	CURSOR_TRAVERSAL_COMPLETE		441	1	441	PENDING
CHEBI:2618	0	a656f15f32fe25461f4a6dcff9bd74e6c5d0d395452dedcc37ccbbbdd003bf69	CURSOR_TRAVERSAL_COMPLETE		339	1	339	PENDING
CHEBI:16236	0	0d9eec4828868602d7319b1666d8adbc9a8fec6b0615c79bdfde88004c3e588e	CURSOR_TRAVERSAL_COMPLETE		3654	4	3654	PENDING
CHEBI:2790	0	5cf3dd92509b90be4cb9926f1b8ac075f52304a4128f84db67f998de9aebb12d	CURSOR_TRAVERSAL_COMPLETE		191	1	191	PENDING
CHEBI:2762	0	cccb3600cb9f9f71ccad006681da72e7495c6db1a3174ee7968921d6a3734a90	CURSOR_TRAVERSAL_COMPLETE		190	1	190	PENDING
CHEBI:28748	0	e0cdb329e361354ae3a6686d941d13c32fa64857e6c26551c39d0742dc1f81a6	CURSOR_TRAVERSAL_COMPLETE		3328	4	3328	PENDING
CHEBI:4877	0	623a3590ddb794fa23d2a44d5c3bca7419ec092078e405a231f52c6448627d2e	CURSOR_TRAVERSAL_COMPLETE		859	1	859	PENDING
CHEBI:52717	0	813f673806c0d74e7ad885a0c793e8efb7c46fa84851ebd687a20ff66dafdb21	CURSOR_TRAVERSAL_COMPLETE		669	1	669	PENDING
CHEBI:40050	0	94bc02f98c503e9bdb91019b2512943342f997dc6ccce810bd1340148f169a45	CURSOR_TRAVERSAL_COMPLETE		166	1	166	PENDING
CHEBI:16842	0	1e57ffd56933d784672318828d9d4ca141d13a1b7c81b972bbf92910a1325fa6	CURSOR_TRAVERSAL_COMPLETE		313	1	313	PENDING
CHEBI:85984	0	986bfaebc4a20c6dad08c2d084c028b76fa9f99237aa78ee573cfddb1bc72f34	CURSOR_TRAVERSAL_COMPLETE		1133	2	1133	PENDING
CHEBI:575568	0	92300fc63bbec1cbcdcfb60e640f6a3f2bb17f9a09309934154f9dd41ab87e33	CURSOR_TRAVERSAL_COMPLETE		230	1	230	PENDING
CHEBI:85412	0	29ac4dbca1cd2a3caffb3240df74be874c3b2e0e31c60d32999035b53aa603be	CURSOR_TRAVERSAL_COMPLETE		895	1	895	PENDING
CHEBI:4885	0	03251c578d986a043fd426e6bfa0c39cc335da0bfc62059a6fd1b49ab7e0234e	CURSOR_TRAVERSAL_COMPLETE		223	1	223	PENDING
CHEBI:3638	0	07a7d780a2a7db6813d5d2107402049d0e6e595593c7f2e275a669a96c3068fc	CURSOR_TRAVERSAL_COMPLETE		1963	2	1963	PENDING
CHEBI:2766	0	dbe39f8bf5c720c55ff56031f2f442e7fa1c48338b80d415fb2502349b796e2a	CURSOR_TRAVERSAL_COMPLETE		159	1	159	PENDING
CHEBI:64276	0	b568999540dc5d1fdc28480ded43689c861a1a032ae1fc481f0bc5b7a5be7951	CURSOR_TRAVERSAL_COMPLETE		106	1	106	PENDING
CHEBI:2955	0	21114cb44de03c8a162e1bf25092adee513bfec0da4c9ed25127d0c645304cc0	CURSOR_TRAVERSAL_COMPLETE		1877	2	1877	PENDING
CHEBI:40909	0	2370deba82e8d5bc1506d0e4866ec77ff7883862d4748b4ea6e11da59801308b	CURSOR_TRAVERSAL_COMPLETE		247	1	247	PENDING
CHEBI:9321	0	9161afef1632b5c02e975808c40edf91d5adab4fc95aeb703346ea95ed9084d3	CURSOR_TRAVERSAL_COMPLETE		696	1	696	PENDING
CHEBI:28077	0	3661de646dfa03acbb592e3fcd3cc7ae7751aa6c00af9452cb678df0b7378f43	CURSOR_TRAVERSAL_COMPLETE		4100	5	4100	PENDING
CHEBI:135029	0	ca582da3e2df672ac3aff65e1a0cd6216f82333f94c89e7f15eef355428c0202	CURSOR_TRAVERSAL_COMPLETE		102	1	102	PENDING
CHEBI:37924	0	e45effb5cf13ac926a70ee77e084ae1e67d71de72a7b08d42858fb09cb76327f	CURSOR_TRAVERSAL_COMPLETE		234	1	234	PENDING
CHEBI:28591	0	ef7be756adf6e8d7671a08a14e8932cf71ba6e8b4441efbb97a88250e743ee2e	CURSOR_TRAVERSAL_COMPLETE		144	1	144	PENDING
CHEBI:161680	0	f41f79e790a25f6116b78aee751bc3dc439dec5c30b296702ba6c9a5aefa1a33	CURSOR_TRAVERSAL_COMPLETE		1213	2	1213	PENDING
CHEBI:3015	0	39653845af5e670aaac23bac9c91f5e3b452c908d6fd9d41da5ebbd3a327e54f	CURSOR_TRAVERSAL_COMPLETE		242	1	242	PENDING
antibioticmech:aro-2e3b34cc67	0	2bc0c40a087b8d833beef9628bb3749fc38ac4f86adef5d30725ce91198021df	CURSOR_TRAVERSAL_COMPLETE		308	1	308	PENDING
CHEBI:67135	1	5038c4467a5a5db3f7df2e678e15a3ebc4bd82454519ba69dd043f41d3b77227	CURSOR_TRAVERSAL_COMPLETE		128	1	128	PENDING
CHEBI:207229	0	5c27e6f7cdad18be85938c1edb53d935f0b888635533bc6d9bf4faea8ab315aa	CURSOR_TRAVERSAL_COMPLETE		383	1	383	PENDING
CHEBI:172943	0	56e40f14ac47400014c105bd697dca4a9e9a2e76e71e8e71c7556fdabdd9186f	CURSOR_TRAVERSAL_COMPLETE		169	1	169	PENDING
CHEBI:16240	0	db2c6ca4d866b7fbdfb0bae823194776bc8e1c384c647cd774b9b0c8f6fa6a6a	CURSOR_TRAVERSAL_COMPLETE		4310	5	4310	PENDING
CHEBI:35862	0	076a02a065d2d6c61e7ef7ebbb22e7169832e59f2a46b41659a08ad7133be33f	CURSOR_TRAVERSAL_COMPLETE		543	1	543	PENDING
CHEBI:16118	0	fa05375026e3ec67cc55cd7f920dbaa85997363c11f731f175e5306b1a16105f	CURSOR_TRAVERSAL_COMPLETE		263	1	263	PENDING
CHEBI:9421	0	a085ae8f41d79b07f65aadc9be11f478272f39cbb72794c3b7c563a3503bcefd	CURSOR_TRAVERSAL_COMPLETE		1243	2	1243	PENDING
CHEBI:27565	1	1ef4d32f03a929b8f8802f217e9e05325d3caf0daf51dd4e50709c245e7a63f9	CURSOR_TRAVERSAL_COMPLETE		783	1	783	PENDING
CHEBI:4883	0	c84a1ea56db6cd9716da83f8cf83b1dc6b8da50398bed30f7e3c7d20578f6e02	CURSOR_TRAVERSAL_COMPLETE		741	1	741	PENDING
CHEBI:68621	0	33cd966fe12e99a25a5305e9f737a09a26e191377b810a9298a3c713282abf45	CURSOR_TRAVERSAL_COMPLETE		109	1	109	PENDING
CHEBI:25812	0	fca1274857017b9e55019f17e4cf458ed17d82b8859f7ad0eaea662872171ac5	CURSOR_TRAVERSAL_COMPLETE		486	1	486	PENDING
antibioticmech:aro-736d7660a3	0	07279198045f1fadba20967a07886aeca5bc4e2ec4aa236fa423e8e307cbfb1f	CURSOR_TRAVERSAL_COMPLETE		543	1	543	PENDING
CHEBI:17097	0	6e9688aef4cb1ddeea6f8a34c321dbdac2e204075576c020d1fce1f354428aee	CURSOR_TRAVERSAL_COMPLETE		129	1	129	PENDING
CHEBI:47898	1	a5392f045e00df8456a5740df961701759cc50199b29e96b7caf37204515ddb1	CURSOR_TRAVERSAL_COMPLETE		239	1	239	PENDING
CHEBI:40009	1	32e36fc91226906a4620f88324bff37b7780b7e82a34cb00c08376a5eaaec969	CURSOR_TRAVERSAL_COMPLETE		994	1	994	PENDING
CHEBI:42768	0	1a2577097405f9db83d45b451cbcaa565b99959842c15b8df29eb894b8130421	CURSOR_TRAVERSAL_COMPLETE		347	1	347	PENDING
antibioticmech:aro-9047378d43	1	1a2577097405f9db83d45b451cbcaa565b99959842c15b8df29eb894b8130421	CURSOR_TRAVERSAL_COMPLETE		347	1	347	PENDING
CHEBI:172944	0	37726aadb023a80c20d4d8a605471ab1f21d0cac5c73a3dfb9c0979b13ed9dee	CURSOR_TRAVERSAL_COMPLETE		144	1	144	PENDING
CHEBI:15882	0	dcd7728a00837f332acbfd78134d863c9ce8546898b8556e3eb3421bfaad5890	CURSOR_TRAVERSAL_COMPLETE		787	1	787	PENDING
antibioticmech:aro-34500a4f2b	0	2a8937aca65e112d6afce9f23ac2cc2463fe1cfce08f2a1d674732c3b7557540	CURSOR_TRAVERSAL_COMPLETE		310	1	310	PENDING
CHEBI:81822	0	df3849813a30b0bf2e4c9f7834287ee7dbced6934b240b7fb598fc7ad9a2c6c6	CURSOR_TRAVERSAL_COMPLETE		234	1	234	PENDING
CHEBI:73224	1	097673eb2676b76b171c4142a861fa6eaa116d6724e2d1d0285587c0f8aa9e94	CURSOR_TRAVERSAL_COMPLETE		109	1	109	PENDING
CHEBI:4325	1	351931ca91e465bc9d9bdc041e7c742da2e9ac282e9821408becb13b817aa9c4	CURSOR_TRAVERSAL_COMPLETE		224	1	224	PENDING
CHEBI:5801	0	5cdbfee5cbd9e71a43174cf9bbdaa74e049e7b05bc8d59cbf3072067de599d7e	CURSOR_TRAVERSAL_COMPLETE		142	1	142	PENDING
CHEBI:3647	0	09a7c90ee229c47e0d4541f0ec0e684dcca70f7371339b427fdc637c87f26b6a	CURSOR_TRAVERSAL_COMPLETE		112	1	112	PENDING
CHEBI:32146	0	c7839a005feb3d4be713b53e61d86592744dde69ab6ef367522734b46ef4d77c	CURSOR_TRAVERSAL_COMPLETE		194	1	194	PENDING
CHEBI:18208	0	ffe83e746df6002fe0adcf1807eb0e207d0e82e5bd6fc60274de0a790570a0ac	CURSOR_TRAVERSAL_COMPLETE		242	1	242	PENDING
CHEBI:3392	0	121d980b39aa45535e4128fa6552df3f069dd95d14ca511d81c481dd2007a7c5	CURSOR_TRAVERSAL_COMPLETE		308	1	308	PENDING
CHEBI:3088	1	6432d9ec73b51eed2d56f1106dea277f2521eaddab0d6780aa0922823024155b	CURSOR_TRAVERSAL_COMPLETE		306	1	306	PENDING
CHEBI:4877	1	245849372dd330bdc22f83e5e965194705ed37ff0e8699939ef5d51f450b4d50	CURSOR_TRAVERSAL_COMPLETE		959	1	959	PENDING
CHEBI:156095	0	29aa01fe3949f9bd8d8d0630c4e31dd2afddc7099e2a0b6f98cca81ea06430d1	CURSOR_TRAVERSAL_COMPLETE		488	1	488	PENDING
CHEBI:28680	0	413955d51f74f7adf891bb8f0576caea3d0effb29a93d2ecd98633eeda5f2348	CURSOR_TRAVERSAL_COMPLETE		484	1	484	PENDING
CHEBI:30746	1	6dab5004d24285aa78826f3e37a45d25305512b1519c6063f44877c1d15ad20c	CURSOR_TRAVERSAL_COMPLETE		162	1	162	PENDING
antibioticmech:aro-1504589de3	0	28e596609c9dd6ba3be1f6fb8d5632c4d9208c56e478ce1cc188721b2b11d282	CURSOR_TRAVERSAL_COMPLETE		683	1	683	PENDING
CHEBI:3440	0	be21fb2048082f4e7b55f75cea485db42a0dbc59d89d059925623f468add2cc4	CURSOR_TRAVERSAL_COMPLETE		127	1	127	PENDING
CHEBI:69478	1	c8544d72ce10288162faf088b18c6f7cf58c6a56a5b8bc78bc27c4441dda457f	CURSOR_TRAVERSAL_COMPLETE		269	1	269	PENDING
CHEBI:4885	1	9a280c0d3c97e4af306aeba061938375185259e81271fe9e87857f3c95cbc66b	CURSOR_TRAVERSAL_COMPLETE		322	1	322	PENDING
CHEBI:6872	0	fcd3366240cdbd85f13f3dc34e839e839357fed09c7880576ac54912f04a8797	CURSOR_TRAVERSAL_COMPLETE		194	1	194	PENDING
CHEBI:75045	0	329a4dceeb915eb58787e2a5c8a28e4cebecbe589c0b643ecc4505b8de1280ba	CURSOR_TRAVERSAL_COMPLETE		475	1	475	PENDING
CHEBI:16236	1	4d243c44dd2e1e2f08f4582e5f2c9549cd554ba607c962d96a5e1f31cef5a7ba	CURSOR_TRAVERSAL_COMPLETE		144	1	144	PENDING
CHEBI:48080	0	c8eaa4d559e1ebc492ab5a35497f933c0799ff26f2c25b31d7db1518ecf5ba6d	CURSOR_TRAVERSAL_COMPLETE		232	1	232	PENDING
CHEBI:474180	0	219cd55a0cb1dee0102bbc95bd4072b44a66c1c417081dda4fbc4ce82e6ee1c1	CURSOR_TRAVERSAL_COMPLETE		633	1	633	PENDING
CHEBI:53621	1	24cf1b8a1a27276425af9b6dddd344a66de665b4dfec5a26c71002d307d2a233	CURSOR_TRAVERSAL_COMPLETE		166	1	166	PENDING
CHEBI:6030	1	5acbe92800ef89ed5a4f6aed622b45190a6937f77f13b7ab22cde82d3e6050b0	CURSOR_TRAVERSAL_COMPLETE		2627	3	2627	PENDING
CHEBI:91231	0	454f244212db45f91e1736389f1159f8be5f355079eef6028db1f817252eb2a8	CURSOR_TRAVERSAL_COMPLETE		319	1	319	PENDING
CHEBI:82977	0	1f57dcd78ae8671b41f2e748c642bc9564b8f05b52d14f12ae0c4f66f73028a2	CURSOR_TRAVERSAL_COMPLETE		137	1	137	PENDING
CHEBI:16842	1	4d6e46b035bdad124ae5a39f1116c4255c06426cad6d92b0238713e55678867b	CURSOR_TRAVERSAL_COMPLETE		764	1	764	PENDING
CHEBI:46765	0	d2ba4b1513868ac22085364f16a46337c0b72880491b60ad44e099f689393ccf	CURSOR_TRAVERSAL_COMPLETE		8321	9	8321	PENDING
CHEBI:3764	0	82a12c25c71f26ad3084c0080c6e4b4d26abc249de9abe05ea54db9784b643b8	CURSOR_TRAVERSAL_COMPLETE		138	1	138	PENDING
CHEBI:30769	1	4d1593c0867fd95afa4c53996e24d12fdb52efb73f957139cd8e2a528a10119f	CURSOR_TRAVERSAL_COMPLETE		295	1	295	PENDING
CHEBI:45285	1	c66f4cd9c70e0571b34df4a3ac33cd1f3f762e744639d4e28c1595d57a911e8d	CURSOR_TRAVERSAL_COMPLETE		766	1	766	PENDING
CHEBI:8405	0	e2d175206083a9c4f467ef53b1c5c437c32c62744929d8d6422148ccd1c8223f	CURSOR_TRAVERSAL_COMPLETE		112	1	112	PENDING
CHEBI:367163	0	03405c0368883ec0931a2951ed1d22ea8302cc10cee43ddba857a03ce24c19f9	CURSOR_TRAVERSAL_COMPLETE		466	1	466	PENDING
CHEBI:28591	1	23161d29452ff6a5e17c03f1723ba55c7043eb1d54f3b0dce7f04202adbb8354	CURSOR_TRAVERSAL_COMPLETE		149	1	149	PENDING
CHEBI:3393	0	31820dcfe4abed75ed968654ab19497b61933830521b6dbd5fddfeed13406eb7	CURSOR_TRAVERSAL_COMPLETE		313	1	313	PENDING
CHEBI:3962	0	da4b908f228b1c4ed4e652c6561512b23a211546a54188082f1467701d84bca6	CURSOR_TRAVERSAL_COMPLETE		574	1	574	PENDING
CHEBI:41977	1	d2a527a6ac881ba43e77e7ec125bb87b8d1c4cc89d701c9ce5f06db1c14c1d90	CURSOR_TRAVERSAL_COMPLETE		624	1	624	PENDING
CHEBI:28077	1	458fc6bc9829a689df943c3b8e38eb06210740204dda8df608f341223efd009b	CURSOR_TRAVERSAL_COMPLETE		2031	3	2031	PENDING
CHEBI:8455	0	b45c51ce7fe5c69a8feb6193f2aa84ad3c801294eeb7a93f41b26605f029b1d1	CURSOR_TRAVERSAL_COMPLETE		118	1	118	PENDING
CHEBI:490877	0	ecf2be6d22160643eca78d7b9b4fe4b43ce6436877952b8afbf429ced3951d92	CURSOR_TRAVERSAL_COMPLETE		318	1	318	PENDING
CHEBI:16240	1	8e6734e7a5fa702483701af2edfed7384b32534d669fe9bb65a7aa2265b8e7d5	CURSOR_TRAVERSAL_COMPLETE		1752	2	1752	PENDING
CHEBI:3259	0	4238e2a57cbc5ad9cd419631afd4b9e85b235c5d68c68ca90445d2b8b5b1419b	CURSOR_TRAVERSAL_COMPLETE		229	1	229	PENDING
CHEBI:27641	0	75ac7f48d9be81f52efb68222f562d4984c3d7dcbb50bca4e0de0cb97ec2ffba	CURSOR_TRAVERSAL_COMPLETE		925	1	925	PENDING
CHEBI:38291	1	627d3f601046e6083bcb4e11ea370340d8a256546fd86f21590651ee6a9c73e6	CURSOR_TRAVERSAL_COMPLETE		741	1	741	PENDING
CHEBI:29673	1	7303b7e13820cb1c46db9e88da91b43f681e249a67eabec75c3e35c67cb5f5e7	CURSOR_TRAVERSAL_COMPLETE		293	1	293	PENDING
CHEBI:8673	0	5cf0b279508af73316f84d3bd95ec7db5bb08e7009c65acb753a92a9a9eec545	CURSOR_TRAVERSAL_COMPLETE		1255	2	1255	PENDING
CHEBI:76010	0	a4c2f9efd0a67b471029e5a561daedea67edbb0700b7cbd3e865c90884073418	CURSOR_TRAVERSAL_COMPLETE		684	1	684	PENDING
CHEBI:25812	1	112680ebf1dee2c8d3fe9cfb83e9cd660ed46c3b6379aac7e78b467a4a0f57b7	CURSOR_TRAVERSAL_COMPLETE		194	1	194	PENDING
CHEBI:474053	0	53c8ecf475cf388ce06bfb5f547d974cd730182719c689e71f9a7eb10052eb2b	CURSOR_TRAVERSAL_COMPLETE		442	1	442	PENDING
CHEBI:4031	0	765fdb3ff3d9895be084d436b3b9f481bac0d5b4534a7702aac63e60374e4b09	CURSOR_TRAVERSAL_COMPLETE		554	1	554	PENDING
CHEBI:28748	1	00afc30243a0bc0bf1a1148bf8e751d0890725ac2068729c8145dbaf3b64fd54	CURSOR_TRAVERSAL_COMPLETE		4272	5	4272	PENDING
CHEBI:72292	2	0aece54351608a0f9d9058f313a91bb03c3699e817a5c2057d3bdfe21b088d47	CURSOR_TRAVERSAL_COMPLETE		461	1	461	PENDING
CHEBI:28593	0	165d152651bb8d8064b6f02fccafd5960575bf6f3c01d87163012f800299f655	CURSOR_TRAVERSAL_COMPLETE		119	1	119	PENDING
CHEBI:119486	0	b35b047cd21fbf31577de8f9a9d0662c11b6573aa4558b123e0b78ae94fcd31b	CURSOR_TRAVERSAL_COMPLETE		815	1	815	PENDING
CHEBI:42530	1	dffdffa0f75dc4ab0988aa05dbd5ec0f7628dd0aa57c05a49150045b679ad2e2	CURSOR_TRAVERSAL_COMPLETE		173	1	173	PENDING
CHEBI:478164	0	aad56c1e9c3a92526e4543e0616f9cc4e57846ab7841273c32ea373a5caca3d0	CURSOR_TRAVERSAL_COMPLETE		1207	2	1207	PENDING
CHEBI:81760	0	763ed623df50c637fad648b465e3b91bf27ac6f029067014889cd2fae1991b14	CURSOR_TRAVERSAL_COMPLETE		110	1	110	PENDING
CHEBI:85412	1	e712afd2d6d9f47bd2aac8ee62f7f551b261e29f70f4af115ffb98539964d064	CURSOR_TRAVERSAL_COMPLETE		895	1	895	PENDING
CHEBI:40009	2	60a80273c53ea597f693d2f13883110fbb8f86d700e696a01e674381fb8a992f	CURSOR_TRAVERSAL_COMPLETE		188	1	188	PENDING
CHEBI:15854	0	95ae1e3a298e22c5367542f27af18da3f0ad3014672c1c8bd25d263f11d8521c	CURSOR_TRAVERSAL_COMPLETE		295	1	295	PENDING
CHEBI:72289	0	0e554b0b4a4580268a31739299f573f56a41d7a6a929ce8061df199581ef3b54	CURSOR_TRAVERSAL_COMPLETE		290	1	290	PENDING
CHEBI:15882	1	d50472751f77ba9137a05db3c342d568b3236822f9e67191d64de2bcfd2e66ad	CURSOR_TRAVERSAL_COMPLETE		797	1	797	PENDING
CHEBI:140376	0	19948e8671649a4635cdbd355bbd3497fec3db65eb3b8a0fffed8b8a52995e24	CURSOR_TRAVERSAL_COMPLETE		523	1	523	PENDING
CHEBI:29583	0	4e01e57d03e3c4fb8fe3b2902795a1145461b6a09ba0cb371b5d3abe6dbcdddf	CURSOR_TRAVERSAL_COMPLETE		136	1	136	PENDING
CHEBI:74926	1	cfae77deb5508d7b312071ed8d33fda55ca6a3015238faeef475b02635717550	CURSOR_TRAVERSAL_COMPLETE		566	1	566	PENDING
CHEBI:4325	2	12555032fd0eedaf857fcea641b189d77876b4931b03080b25e052b6e1dab559	CURSOR_TRAVERSAL_COMPLETE		147	1	147	PENDING
CHEBI:9328	0	8f45e9a79797b2314cfb44ed7970ec6f551a120f71ab9c1870c70bbfd0a054c4	CURSOR_TRAVERSAL_COMPLETE		175	1	175	PENDING
CHEBI:31536	0	256dbb0cecd7941128f2377d804cd701a801789bb47e89700274c4282bea4989	CURSOR_TRAVERSAL_COMPLETE		583	1	583	PENDING
CHEBI:32146	1	0817c4b3c01c9625c7e7a996f04d8ed5bbd7815cd5e6a1594321e5eb7da3f645	CURSOR_TRAVERSAL_COMPLETE		121	1	121	PENDING
CHEBI:472657	0	e233a460f5ebf685e9badb123b10dcf285f24dd47446917f37d0a252cee1bb9d	CURSOR_TRAVERSAL_COMPLETE		374	1	374	PENDING
CHEBI:46081	0	a8516e89206ced34cc9483c1803276d4a46e225c08c74db82c87f5c52b41c127	CURSOR_TRAVERSAL_COMPLETE		2011	3	2011	PENDING
CHEBI:90284	1	469a4d22625e534d3194d0358683076bd5de69b9b1cc3f5d3e0bcff56f5419f3	CURSOR_TRAVERSAL_COMPLETE		786	1	786	PENDING
CHEBI:4877	2	ac03e801c6b0157b4cce1f2572690e83f19e713e1b317d12abe3e34acef8dc86	CURSOR_TRAVERSAL_COMPLETE		859	1	859	PENDING
CHEBI:63684	1	e6ee8ae62811072715afe9df7df4aeffe9e3632c52f915a535fb89248df61b59	CURSOR_TRAVERSAL_COMPLETE		335	1	335	PENDING
CHEBI:608828	0	e2a1e748b36135bc49c4bca9df1c6a8a33b3eab7446140e95e65c07104c62048	CURSOR_TRAVERSAL_COMPLETE		221	1	221	PENDING
CHEBI:48347	1	7d0bba74db7d21ce7f332e592da8e1231e04df447cb84f87768f6f6f0dbd9c7f	CURSOR_TRAVERSAL_COMPLETE		195	1	195	PENDING
CHEBI:3493	0	67c9a3ee47757cf585e575ca4ec6dc0e0e16c71b89414edf3652a320c0e04a50	CURSOR_TRAVERSAL_COMPLETE		301	1	301	PENDING
CHEBI:5100	0	c4d21ddc6057cd0d00ce64e52aaabf9ed2089d778cf3aa11d9798a6970e43640	CURSOR_TRAVERSAL_COMPLETE		251	1	251	PENDING
CHEBI:64250	1	a5124f9326ac26a0966dc762beefa83bfc21b23ec399b7aa6edcb0c92675c672	CURSOR_TRAVERSAL_COMPLETE		424	1	424	PENDING
CHEBI:28077	2	af009de0d17692478b8faf79918a250e1aae618b1c7bdccd29994ebac1d46142	CURSOR_TRAVERSAL_COMPLETE		4103	5	4103	PENDING
CHEBI:63687	1	d6e304d626a37fc3dd9f7950039c657e39fb4bae924c319e3827550b519a6064	CURSOR_TRAVERSAL_COMPLETE		335	1	335	PENDING
CHEBI:63589	0	c66e7f96681ce863de3a98d9ae3a6438e6689457bb7dfd3ab7a5294ad91f91e2	CURSOR_TRAVERSAL_COMPLETE		318	1	318	PENDING
CHEBI:16236	2	d93ae5fc44546a19df38e574e57c0190e445782070ad4fd68a22181185ba6c48	CURSOR_TRAVERSAL_COMPLETE		8004	9	8004	PENDING
CHEBI:204928	0	8f105da2d9da3999b2756af6192aab152ff62e9bdd29d3119511f10ba5731dc8	CURSOR_TRAVERSAL_COMPLETE		2419	3	2419	PENDING
CHEBI:81763	0	3d8a81e1647e3b9e8b5d5f2588d5f36b2fd29fd9df5b2f90d3bc288b5a42a67a	CURSOR_TRAVERSAL_COMPLETE		284	1	284	PENDING
CHEBI:41977	2	c6e67051f49ee5b3fbfbd3b06084daa04d2ff353f740b9c996efab551107e988	CURSOR_TRAVERSAL_COMPLETE		104	1	104	PENDING
CHEBI:40009	3	b1f2a2bb1518944b0e1c2ef3603dd643be23326ff592a60aedcc54b79360da29	CURSOR_TRAVERSAL_COMPLETE		112	1	112	PENDING
CHEBI:74545	1	3af404260f4479a84260729e8fd2059878c5299ba68878d018ac0b3fa3281715	CURSOR_TRAVERSAL_COMPLETE		2146	3	2146	PENDING
CHEBI:68478	0	92e0a3b0b46e03fb43d8f4ae89a8da7e1d3e261d616b2206321d7fde79126cce	CURSOR_TRAVERSAL_COMPLETE		342	1	342	PENDING
CHEBI:16842	2	c9919fd5a993bb1ad81bfc233fc3030f04322845f7a77c110d5fb63e345f4f48	CURSOR_TRAVERSAL_COMPLETE		313	1	313	PENDING
CHEBI:209807	0	70b83de34625cdf245225b99acb61fee8c0c5e23778ef154f579a26b83809f6e	CURSOR_TRAVERSAL_COMPLETE		1543	2	1543	PENDING
CHEBI:83070	0	70361f001d828e3901cfb915b9a7c21db6ff06283f7e20a615582498f1392bc6	CURSOR_TRAVERSAL_COMPLETE		120	1	120	PENDING
CHEBI:51207	2	dc462c7529fbfa9aa287ce8d4269d0b219aeb733fbe0b6181c7ce75c5ee92b68	CURSOR_TRAVERSAL_COMPLETE	P_PDATE_D desc	5671	6	5671	PENDING
CHEBI:4885	3	3d8ba89a5fc14451a680b0cbdfeb501f099702527bc9da110f569b31fbb3b9ed	CURSOR_TRAVERSAL_COMPLETE		223	1	223	PENDING
CHEBI:2674	1	edf18c469f6ff6239f313068e2f38f85e2380ef21681232206a72e95119423d9	CURSOR_TRAVERSAL_COMPLETE		347	1	347	PENDING
CHEBI:42471	0	605f6da4d4aea7caf9c8a7c47b2ff302aa76dcf7b52fd1918deae24f1eb820f8	CURSOR_TRAVERSAL_COMPLETE		264	1	264	PENDING
CHEBI:64276	2	f250c1f8ae562aee8815d56e8a615f1c89e023f910527c5e46a0c6ba7470f4ee	CURSOR_TRAVERSAL_COMPLETE		106	1	106	PENDING
CHEBI:3504	0	f4c3e65215094bd389557be9e2e9c7b282d06865b92176d31082ac4db98efc6d	CURSOR_TRAVERSAL_COMPLETE		137	1	137	PENDING
CHEBI:27744	0	37f38777613c7f2e3b5fd633822c7d0ed8c2170b3f1e022bd16985c7948bd01d	CURSOR_TRAVERSAL_COMPLETE		1426	2	1426	PENDING
CHEBI:9288	2	4a6d20001556e5b041f8ca93df4763b906231f8e018898718fd1c70a853369d2	CURSOR_TRAVERSAL_COMPLETE		986	1	986	PENDING
CHEBI:40009	4	db4497d15804de9aba9ea9cabe30c8fa6f04984cea1cfa1d3def88b275c70944	CURSOR_TRAVERSAL_COMPLETE		188	1	188	PENDING
CHEBI:223316	1	fd103d1c6f3570b79281ce484891ced4548976d9c61988689ddd6a37a21ce740	CURSOR_TRAVERSAL_COMPLETE		1762	2	1762	PENDING
CHEBI:465284	0	b7f7d4e9cb95fb88b2c0b3aa033b1abb895b41b037b66beb5de685a04a173364	CURSOR_TRAVERSAL_COMPLETE		847	1	847	PENDING
CHEBI:16240	2	38abbe337939bace8251f51e741d7e12dd7ca9af5e195ab765990af683e1db6e	CURSOR_TRAVERSAL_COMPLETE		4310	5	4310	PENDING
CHEBI:70729	0	fae4f04337d0a7f67aeab0388a2d791d5648b9ab440159ecd117d274d4e3bebe	CURSOR_TRAVERSAL_COMPLETE		156	1	156	PENDING
CHEBI:28909	0	036a3d7181eb638a39e3f96d12a4dc7718e1808602b3403e8cd6be9d5a560895	CURSOR_TRAVERSAL_COMPLETE		129	1	129	PENDING
CHEBI:4672	1	e5f75c6e8beffbfd1af49915797807e32d94c54d632c182325a123978f98b54a	CURSOR_TRAVERSAL_COMPLETE		1212	2	1212	PENDING
CHEBI:5292	0	7520999c319ee6428b33cbc3d9b9b138fbcf291b9c610f572337bc7d388d874c	CURSOR_TRAVERSAL_COMPLETE		119	1	119	PENDING
CHEBI:15366	3	576e0070c2c5ceeb4a5715759299561d4a2ed7458100f75dffc5d261b6ed5b5e	CURSOR_TRAVERSAL_COMPLETE		1865	2	1865	PENDING
CHEBI:3508	0	fc4d80ab52e466ce9ec393513f13e1e00d6065b8ee4d7fc18b09a16f0eff7604	CURSOR_TRAVERSAL_COMPLETE		3177	4	3177	PENDING
CHEBI:85979	0	3c3087256eab4c95e724b1a2d987b681e66dfddfdb18496017387c947686550e	CURSOR_TRAVERSAL_COMPLETE		115	1	115	PENDING
CHEBI:4883	1	5cfd4e83e3395fdacb4fd55fd097a1573d86f090fd668516d533beeab021c8cc	CURSOR_TRAVERSAL_COMPLETE		777	1	777	PENDING
CHEBI:175901	0	d0563ed109bfa1283535f682e1f073352b037399cfd3f90d882117c5cd96120b	CURSOR_TRAVERSAL_COMPLETE		1365	2	1365	PENDING
CHEBI:16236	3	cd1790d6843ad4574a857ced1f075655ecde530e7ae44ed4edb3bc73cd32a7ba	CURSOR_TRAVERSAL_COMPLETE		3654	4	3654	PENDING
CHEBI:31383	0	9704bcff1eb53b1e091586e2d6c8fc80da85e30a6fc7c928d28381d190ab8f4a	CURSOR_TRAVERSAL_COMPLETE		366	1	366	PENDING
CHEBI:6076	0	4cf017fd31bca9a696cb98f6c6e6ff7e25579518ab57dcb317bc58502c15ea1c	CURSOR_TRAVERSAL_COMPLETE		998	1	998	PENDING
CHEBI:42768	1	5b7c52e1372357b7275ab23c84fc30d0f89c98f6de4627c4f3eab39dc9dacfb4	CURSOR_TRAVERSAL_COMPLETE		1969	2	1969	PENDING
CHEBI:44032	0	3ec9e9c84276a47075ebde5ea429dc93970c0632e7944690007317108080707a	CURSOR_TRAVERSAL_COMPLETE		257	1	257	PENDING
CHEBI:134719	0	36dcd0903f0c7bf0d3741fafba2c60e5b2ee9b6ed2ac9dca1fc19986f6014e82	CURSOR_TRAVERSAL_COMPLETE		278	1	278	PENDING
antibioticmech:aro-4655b07df9	0	5aad6337465d0242bad8424d390ccbf41562fc766145e1a9e39ea9246981a9fa	CURSOR_TRAVERSAL_COMPLETE		312	1	312	PENDING
CHEBI:156095	1	4c085659070c0820c0439e789ef3a22fbc9b1f2ee93e50085912f6fbbb63a604	CURSOR_TRAVERSAL_COMPLETE		489	1	489	PENDING
CHEBI:63577	0	4145221f16e1f473904a3946692c995b4cafc39d893460a6f7d9ce81c70d5449	CURSOR_TRAVERSAL_COMPLETE		2328	3	2328	PENDING
CHEBI:29007	0	3a9e60a92523b08857d8c3c98dd86cdddeea064d29a35b064507036dd7f8a0a8	CURSOR_TRAVERSAL_COMPLETE		2141	3	2141	PENDING
CHEBI:600520	0	ad075c05afd7fe126cc75c921db25d24b8ae04150bd3593a70de6e4c62b5b663	CURSOR_TRAVERSAL_COMPLETE		319	1	319	PENDING
CHEBI:8673	1	3c8ba7164d157984d64dfded8a1bc12ca2661356a95d7f6565c524b70fd62656	CURSOR_TRAVERSAL_COMPLETE		6140	7	6140	PENDING
CHEBI:31781	0	e0198f68f3131c97f12d4689edde7e393b11bd2870df2f2659525d9173b2dd40	CURSOR_TRAVERSAL_COMPLETE		436	1	436	PENDING
CHEBI:3515	0	41a944f63523d48e0c832789dc09304d3d7001b88e58378d2181b75f04e1e533	CURSOR_TRAVERSAL_COMPLETE		480	1	480	PENDING
antibioticmech:aro-11ab0a98bf	0	d98695dab57bf78f201897ea2da03d3eadb4ceb56cdb62f08f2b6d682029cde5	CURSOR_TRAVERSAL_COMPLETE		112	1	112	PENDING
CHEBI:137041	1	550821487b464d54b40ff1c544807b31aa13e8b75d441046f9bcb951a8dbaee6	CURSOR_TRAVERSAL_COMPLETE		295	1	295	PENDING
CHEBI:63608	0	9cd761ef0dec8c3447ccc9b53556570426ec50e07b7ad573b9886bce2657cebc	CURSOR_TRAVERSAL_COMPLETE		135	1	135	PENDING
CHEBI:3534	0	25886976f91480113211ccc88a5fc0801e6c554e22e3ba89a71077cfb40ac93d	CURSOR_TRAVERSAL_COMPLETE		166	1	166	PENDING
CHEBI:75283	0	6fa9a6151bd2e004b69c1fda8828a25c7de989ea616e8e6afebcee4e756fe666	CURSOR_TRAVERSAL_COMPLETE		155	1	155	PENDING
CHEBI:15854	1	d25904618a5b610897d1a4c6594895433328c2c70d965946dd2a6677cf3d71d6	CURSOR_TRAVERSAL_COMPLETE		295	1	295	PENDING
CHEBI:50667	0	0ba85a514bd117b73e5a6839e580339758958ed95bde71b18cb0163c91ce2af0	CURSOR_TRAVERSAL_COMPLETE		176	1	176	PENDING
CHEBI:17698	0	2b0ff6a230f904ea27dbd85edf6a4d9e8aa659ff8c4780b3ad3cfb63656846b1	CURSOR_TRAVERSAL_COMPLETE		5403	6	5403	PENDING
CHEBI:27617	0	f232a4e585930f4c77ed68a3f3962f63e663993089e6418b42beb48b7189bc91	CURSOR_TRAVERSAL_COMPLETE		126	1	126	PENDING
CHEBI:48811	1	c0e19721719570b506c6dafd3c76fe29963425241654a9ca4de601832f510313	CURSOR_TRAVERSAL_COMPLETE		1963	2	1963	PENDING
CHEBI:8764	0	9b1db3c51e736777d315e6da2b82484e3a20e5d62d674c2be4582b17ec07ef9d	CURSOR_TRAVERSAL_COMPLETE		134	1	134	PENDING
CHEBI:3614	0	802b98a222c1d6b9bd83e05f2b43de560fb6378be33eeaef8cec6a2ac2dd139d	CURSOR_TRAVERSAL_COMPLETE		539	1	539	PENDING
antibioticmech:aro-b799d457ed	0	c99cd2357ae620cbbd2cd38665f1c4e8a263bc5b627609613ed3848fe9bb2305	CURSOR_TRAVERSAL_COMPLETE		223	1	223	PENDING
CHEBI:39254	1	e81bce77989ff7847884130d4808c9e2f96eb85436235078d3f971ef4c59a7e5	CURSOR_TRAVERSAL_COMPLETE		1963	2	1963	PENDING
CHEBI:168396	0	876beb4239a7380dee7a8ccfeaaf322d59455b55a3daa854ad2a14100f265dea	CURSOR_TRAVERSAL_COMPLETE		187	1	187	PENDING
CHEBI:27644	0	094f5b22cdd1a6e2ccd77d2910faa7bdeb6bab900a728a355f2f2348317bfbce	CURSOR_TRAVERSAL_COMPLETE		165	1	165	PENDING
CHEBI:28285	0	2a50d0517857db86288b7f2ee34e1e0af5f91c0c3e5bffc8977c8ce7871ca01b	CURSOR_TRAVERSAL_COMPLETE		242	1	242	PENDING
CHEBI:9328	1	1aa1c52f3b749e1722487a60d4ffce626cabbb0266b7e53135091b6a03dc0bed	CURSOR_TRAVERSAL_COMPLETE		175	1	175	PENDING
CHEBI:28939	0	c0bde90a24d36f111a8cb1a7abe0b80a28d539ef941d346e689839f81da451ca	CURSOR_TRAVERSAL_COMPLETE		148	1	148	PENDING
CHEBI:100241	0	854ddbc0609ed8ef6a21b6e248922257e0fd79030941a9900ba68f814555be80	CURSOR_TRAVERSAL_COMPLETE		7677	8	7677	PENDING
CHEBI:64355	0	9b82584452f469bf6a4dd2078fa3af2172a24341c5c89d494e7b4d3382b156a4	CURSOR_TRAVERSAL_COMPLETE		470	1	470	PENDING
CHEBI:5801	2	650db6e28b73cd6718675d595919540a90b5d060a570e07ab69b30bb1723def5	CURSOR_TRAVERSAL_COMPLETE		142	1	142	PENDING
CHEBI:44485	0	e1f2e64cc0664de00fe9f2e134ebeeb5475ddf7546201ddc16dd16771ec9705b	CURSOR_TRAVERSAL_COMPLETE		217	1	217	PENDING
CHEBI:3732	0	3e1b16e4015e39c725a295a9be08300df83c1fe7338967a0b2863109c8807c1c	CURSOR_TRAVERSAL_COMPLETE		1523	2	1523	PENDING
CHEBI:8434	0	2b7d0dc62f940b0b37f0d12f2030b7036b88061d4883d211d2e724260618c66a	CURSOR_TRAVERSAL_COMPLETE		132	1	132	PENDING
CHEBI:6872	2	84e825c9b54a8bdf2db7ee57337989f1cfa843e1125d797312e4c79ea2a9824e	CURSOR_TRAVERSAL_COMPLETE		194	1	194	PENDING
CHEBI:7496	0	d92412d3ebc61478c96786e69bcfaee1df89f0fc1daf1f3864d012d008d2be6b	CURSOR_TRAVERSAL_COMPLETE		277	1	277	PENDING
CHEBI:48947	0	053ce4e2285f277560802eb91371de8aa128f9910551c06ee9ad6e3bfa2db147	CURSOR_TRAVERSAL_COMPLETE		1180	2	1180	PENDING
CHEBI:8489	0	4a3fb747c71ea3cfc6d4536b2912c1c88f4b9555b68d0b3d6ef606b02411adbd	CURSOR_TRAVERSAL_COMPLETE		137	1	137	PENDING
CHEBI:28593	2	11110b50810a7239adeedb135d97c78d5b5b09d8cc8243cce0c820445cc2e241	CURSOR_TRAVERSAL_COMPLETE		119	1	119	PENDING
CHEBI:63613	0	6e612780e567ff64713ab626a64fd3b69f99c2135d3c3b5fe17ec920c5aa222a	CURSOR_TRAVERSAL_COMPLETE		894	1	894	PENDING
CHEBI:3745	0	f9c0252991857f5cfb5600cd51a00d6e6b40355214331b6bc49ee95fb76e9fe8	CURSOR_TRAVERSAL_COMPLETE		2300	3	2300	PENDING
CHEBI:30768	0	134da4c0538293604b59e108d56979016631f752e8ba72a2c39a620d19d8f048	CURSOR_TRAVERSAL_COMPLETE		158	1	158	PENDING
CHEBI:15854	2	263f21527ddcf202d977747592f786bb6c35592f580e23b181e8ff1f604e6460	CURSOR_TRAVERSAL_COMPLETE		295	1	295	PENDING
CHEBI:52172	0	a999a07c0abdd841e73e5573c9407675b7f94309d53993908be93af67af73596	CURSOR_TRAVERSAL_COMPLETE		547	1	547	PENDING
CHEBI:49566	0	48e9cc8d81f402fe6e2d41b98bc2ca2922155e9772f381d511578412c72f0fe5	CURSOR_TRAVERSAL_COMPLETE		169	1	169	PENDING
CHEBI:78780	0	3188c6d8c019d01a90b5dda0e39c602383361c65980092efa172784a37fd19e4	CURSOR_TRAVERSAL_COMPLETE		183	1	183	PENDING
CHEBI:3638	3	148cd08af6c0e6a661f1a0023ef3a9f9e4a9817033b38f3ed19bf92109c73e48	CURSOR_TRAVERSAL_COMPLETE		1963	2	1963	PENDING
CHEBI:170007	0	7465ecf9e0cfbc00456025d34746c5f9099c0fc0c2225c8cf0c3511f12e51289	CURSOR_TRAVERSAL_COMPLETE		205	1	205	PENDING
CHEBI:59064	0	7558d983429033c7b86e865a26993a3635c7441a96ad62ece880e6efa7d39478	CURSOR_TRAVERSAL_COMPLETE		4893	5	4893	PENDING
CHEBI:16914	0	7f1003d20c0240c56ce82a1c4630a1b0c21eed293e7395d522ba90e96919a981	CURSOR_TRAVERSAL_COMPLETE		4742	5	4742	PENDING
CHEBI:8673	3	f9b77601543364c4276e3103d45680da63b287439edb74ad4fc34a92f6712f87	CURSOR_TRAVERSAL_COMPLETE		1256	2	1256	PENDING
CHEBI:7798	0	21ab60fc5de8203f421fcc2c89a018fee5048df33fc4e1b3243479ec7b20fb5e	CURSOR_TRAVERSAL_COMPLETE		941	1	941	PENDING
CHEBI:41688	0	ba71f9bd9c6234cb436264ce376a18fa4f690bc35f6e285709ee6ef8e5f26f04	CURSOR_TRAVERSAL_COMPLETE		774	1	774	PENDING
CHEBI:83779	0	f858957a088d0bd7c7bde74687e492304d2e501a69b361660f71b9aef04100b9	CURSOR_TRAVERSAL_COMPLETE		278	1	278	PENDING
CHEBI:28593	3	bc42f8ba16aa58b805f609e8e44b92b804e32ab544f8bb6c4d0939d9c9067bd5	CURSOR_TRAVERSAL_COMPLETE		119	1	119	PENDING
CHEBI:85202	0	feb6cae776cbf015b3f92a8146bcb8ea15ccc6723a36f750daeecc648b0bdd84	CURSOR_TRAVERSAL_COMPLETE		135	1	135	PENDING
CHEBI:4309	0	4fbdcd0372d29b6302b2913a0a9f4ca03fa8d7630d63548ac08e058b75df442a	CURSOR_TRAVERSAL_COMPLETE		323	1	323	PENDING
CHEBI:9448	0	f187e9aa8e7060c6011a3135cb362950c86d732376af3337ff0a3190c77777e2	CURSOR_TRAVERSAL_COMPLETE		410	1	410	PENDING
CHEBI:82960	0	d5a1989ba6653e50bb268e63edace79e2aa94bece50c232f9dec04a5bfc630a1	CURSOR_TRAVERSAL_COMPLETE		547	1	547	PENDING
CHEBI:600103	0	9703810c284cb347f99e532b8fb5fc4e299c8e0eea17d91d108b61e4eaa548fe	CURSOR_TRAVERSAL_COMPLETE		845	1	845	PENDING
CHEBI:45979	0	5b23b86c61fc0b864839f9f91279ae580ec9228da42c5d58fabbb2b4cb81e3d3	CURSOR_TRAVERSAL_COMPLETE		114	1	114	PENDING
CHEBI:145994	0	b6026727a4f86b2ab4c4879d61c149234c9e30219997483a202707970239001f	CURSOR_TRAVERSAL_COMPLETE		179	1	179	PENDING
antibioticmech:aro-eb42322815	0	ed4cdb80b26c4aa5ff47e1f133658afd802f3e8db0986f11cf20287c5f086992	CURSOR_TRAVERSAL_COMPLETE		862	1	862	PENDING
CHEBI:46024	0	6dddddd32134748472d9951002dd9d4632cbadeb5d47962c6762ba074167cd83	CURSOR_TRAVERSAL_COMPLETE		327	1	327	PENDING
CHEBI:63580	0	4b782a0e8ecb93b4ea8252d39a94037ed4c3cc06e7e50c5fa1b566c367c85abc	CURSOR_TRAVERSAL_COMPLETE		692	1	692	PENDING
CHEBI:134742	0	07d9af39086ecf841cfef029bb757099c3c086eb0eebde40f5e193202a2cb906	CURSOR_TRAVERSAL_COMPLETE		136	1	136	PENDING
CHEBI:10023	0	305b9ef28700f09d8d6dcc29433f3dc99165c15b7dff9a2d875e93893b9cac67	CURSOR_TRAVERSAL_COMPLETE		960	1	960	PENDING
CHEBI:68606	0	805f1d4988732ef077a3c3fe6b287e8843861594ac6476c0b8e3d8d9a7d7785e	CURSOR_TRAVERSAL_COMPLETE		370	1	370	PENDING
CHEBI:135928	0	6320cb71f1a0336cf9811f2fc936df7ce6a5dc55f4681f2ab13cf4e48701430e	CURSOR_TRAVERSAL_COMPLETE		160	1	160	PENDING
CHEBI:27864	1	bbf1af5f81c7457dbad4f50426acbbe89ad42dbcc978c569c758479bd5e4599f	CURSOR_TRAVERSAL_COMPLETE		282	1	282	PENDING
CHEBI:45409	0	6dbb50174fd6615d6e95fb1781bba44aa98b3f1482e306fb79eab93fce3706c4	CURSOR_TRAVERSAL_COMPLETE		826	1	826	PENDING
CHEBI:50845	0	9ea8fd0c9fdee9dd1875e3e6776bd3b9844070d5d5e076645f332aa434e0e8fa	CURSOR_TRAVERSAL_COMPLETE		1426	2	1426	PENDING
CHEBI:73178	1	63acabe999ef5310453de5e7a7f8015a7f9e9d4bc0a07286f457912dc0057af1	CURSOR_TRAVERSAL_COMPLETE		148	1	148	PENDING
CHEBI:63621	0	04cc595b95a8c60a20f99d56f18f4ee9f1e7cab4675efc1e4776da671d70f98a	CURSOR_TRAVERSAL_COMPLETE		281	1	281	PENDING
CHEBI:35720	0	717ac0357dfd4d7a3e3fc8ba8a57352925b1df7e776dd12c071a43e0ee3b3203	CURSOR_TRAVERSAL_COMPLETE		745	1	745	PENDING
CHEBI:277842	1	74531add50cfdbf3ef81140fad2c393ab89e57e7913b3764774141362e9f00a7	CURSOR_TRAVERSAL_COMPLETE		146	1	146	PENDING
CHEBI:90227	0	a3854c9e8f9334bac011f01dcf783f675661f898eb66039fb15b4138e840afda	CURSOR_TRAVERSAL_COMPLETE		135	1	135	PENDING
CHEBI:195558	0	aaf24a91cdaa4dd6e1a507a54b3c2b74f2ecaf6694ec69447a070937d39e52f3	CURSOR_TRAVERSAL_COMPLETE		171	1	171	PENDING
CHEBI:3015	1	8da03d89fc76376493064cd034ec54a25ec9e1f05b366cf5b885fc58525bcb21	CURSOR_TRAVERSAL_COMPLETE		243	1	243	PENDING
CHEBI:85083	0	c3f10ce9a6d609ab3ff5df1a0c4047a163e6aba0e3caf378d6ee571ce4763b81	CURSOR_TRAVERSAL_COMPLETE		197	1	197	PENDING
CHEBI:404903	0	19b1bc70e8084533ad49ce285230df608b1525c8a6e57c0a0e3830c3918f9c7f	CURSOR_TRAVERSAL_COMPLETE		646	1	646	PENDING
CHEBI:16118	1	05f68c1e23ef660eb08f63e58a041197caf9d70538077b233a6347c4a192838a	CURSOR_TRAVERSAL_COMPLETE		264	1	264	PENDING
CHEBI:50924	0	a53051c8fd782a4b93e196005591ba8d4efeb9b6996ccef1cf1197dfb57d9b9e	CURSOR_TRAVERSAL_COMPLETE		963	1	963	PENDING
CHEBI:42355	0	0253c5d856a90bf0c718d1dadb84226fbfeeaa19aec4578dead0be3b2b92abd1	CURSOR_TRAVERSAL_COMPLETE		5516	6	5516	PENDING
CHEBI:17097	1	ea343a42505214889f9220ce736db28c6817c7d8e21139d8729a9e5c72900b59	CURSOR_TRAVERSAL_COMPLETE		131	1	131	PENDING
CHEBI:63581	0	2ec6549640e3ccb4ac6223a6e227f17c8b816d9b237726223540ce822b36a631	CURSOR_TRAVERSAL_COMPLETE		355	1	355	PENDING
CHEBI:4917	0	872e566a404c59bc3667d33265909cf86afb4f960c3eb9b6f234b24c4b10371f	CURSOR_TRAVERSAL_COMPLETE		129	1	129	PENDING
CHEBI:3392	1	bb9b98e240c49d2aa0b74c171e9fcceed7f6ffbc1780d8c0ba10f95e93f68466	CURSOR_TRAVERSAL_COMPLETE		1291	2	1291	PENDING
CHEBI:68595	0	fb4c3398fd3749f6003d9c8abaddd9f4e8752894021932f5e69ca111bba5ad4b	CURSOR_TRAVERSAL_COMPLETE		152	1	152	PENDING
CHEBI:87185	0	9962fa4fd1bedacb9be82bee1c8589fea9d404e1a6f2ac1173a16693bfc4e4ed	CURSOR_TRAVERSAL_COMPLETE		756	1	756	PENDING
CHEBI:3440	1	5f2a956b02ec3f7274632b40b2cd26508d384c8b4f240193f77e1a6b42cae852	CURSOR_TRAVERSAL_COMPLETE		127	1	127	PENDING
CHEBI:63624	0	1c4abfe698740eb4617da224376788ac84551d082d26d98808e4886e71133642	CURSOR_TRAVERSAL_COMPLETE		148	1	148	PENDING
CHEBI:30751	0	0343d90e8121d3edc5c55cb82b7732161f3b4435c89195bb72fe549149e2eeeb	CURSOR_TRAVERSAL_COMPLETE		104	1	104	PENDING
CHEBI:474180	1	d852dd2722c0f260a7f2c431cf75748f8f874355ece930a218a9bbdfde28b5dd	CURSOR_TRAVERSAL_COMPLETE		633	1	633	PENDING
CHEBI:90926	0	eaf6f41dadc76c2bbf6d82e6443d64b971c16b7a1ff8760417d7fc78be0226b4	CURSOR_TRAVERSAL_COMPLETE		165	1	165	PENDING
CHEBI:28915	0	67aa1969cd553a695283ff6c2e7252be5cd8a382ec226b46223beaaf18fa8c53	CURSOR_TRAVERSAL_COMPLETE		1293	2	1293	PENDING
CHEBI:3764	1	511f5f90832c22e7c288ea59f49a054d6f22169055dea69ee4c9d8b756a258a1	CURSOR_TRAVERSAL_COMPLETE		138	1	138	PENDING
CHEBI:63718	0	3f4de6bbdf5b782346a61baad2359b2e3286f7893e212d2ba31dc0fb24f17c0b	CURSOR_TRAVERSAL_COMPLETE		335	1	335	PENDING
CHEBI:5195	0	79b488e8a26effd071a1539cc6b90c3af7130a8522f8fdd9baa29a933684409e	CURSOR_TRAVERSAL_COMPLETE		133	1	133	PENDING
CHEBI:3962	1	0b9c080a6c05c6120fe8b2e5d949608747b867be0b3b3c4bee383cc43d55bdde	CURSOR_TRAVERSAL_COMPLETE		578	1	578	PENDING
CHEBI:63717	0	cdca378f1102572b4292580b5d3db3207f4ae39321428b8c744551c1fc8a2307	CURSOR_TRAVERSAL_COMPLETE		344	1	344	PENDING
CHEBI:29013	0	d3cf12a9fb16508f0a6f2a652b451e402bb267d373183d93e81264eb4766cebf	CURSOR_TRAVERSAL_COMPLETE		482	1	482	PENDING
CHEBI:41922	1	a12da7b2e4a98bac7c9b140d80b524cd77fbd965f29dd0ebec6df0b6bc9b5f2f	CURSOR_TRAVERSAL_COMPLETE		1030	2	1030	PENDING
CHEBI:63628	0	01e05dcd01a35c7890d3839e46fd8142a3249f9a985605600b1821089857496e	CURSOR_TRAVERSAL_COMPLETE		109	1	109	PENDING
antibioticmech:aro-9047378d43	0	f7733fc16d309d1bf2ed3425dbf1bbb99233c56963d974fae061dd77e74b6f54	CURSOR_TRAVERSAL_COMPLETE		1670	2	1670	PENDING
CHEBI:16016	1	08c9cddc758b1eb59393eb32233ccdc677045abf1458d3e3d6943675256df7a9	CURSOR_TRAVERSAL_COMPLETE		932	1	932	PENDING
CHEBI:75998	0	ecf4fdd395c6cba4098a19220fabdec384e3bbf82801a06dc66cc710eb38f531	CURSOR_TRAVERSAL_COMPLETE		694	1	694	PENDING
CHEBI:5280	0	7d85a524a9d25bef308da3c481339532ccf7d75f648bbeda6822f621371e5622	CURSOR_TRAVERSAL_COMPLETE		257	1	257	PENDING
CHEBI:4640	1	99b0f3819f79964e98a49ba1951d57f14ea9c3dc56a6f2e388f7ba2a9b309252	CURSOR_TRAVERSAL_COMPLETE		157	1	157	PENDING
CHEBI:52289	0	0e3755e0738583f19e530b7bb73b2f5e9515fabdb9590ad60f3daa28c0fd2f27	CURSOR_TRAVERSAL_COMPLETE		187	1	187	PENDING
antibioticmech:aro-b380d64ee1	0	c1f9c7390630397662c71cc8e0ff9b99244df89d975af3629a9985b9403a4e3c	CURSOR_TRAVERSAL_COMPLETE		4362	5	4362	PENDING
CHEBI:141315	1	a15c20c76b48636b1ac8d751f0ed8db2829d63a88e6ceace0f474913c839621f	CURSOR_TRAVERSAL_COMPLETE		148	1	148	PENDING
CHEBI:50663	0	c1486c8198109e5c5a0abc97918436bcd4d3939968cc7f26e1b4100ddc6762b1	CURSOR_TRAVERSAL_COMPLETE		376	1	376	PENDING
CHEBI:28418	0	bc9420cee714922b6bfc7d530ecd87f8dae58edd85d82bdfc53962fefa7fc87f	CURSOR_TRAVERSAL_COMPLETE		430	1	430	PENDING
CHEBI:16731	1	9d140d84f05404a994653aab867cb34fb5315befaa92c11d2fde3cfcaf6714ac	CURSOR_TRAVERSAL_COMPLETE		108	1	108	PENDING
CHEBI:10110	0	501628e0126f92e7c5860c79e6285fe6310f166529db74a9b71cf78001299fbf	CURSOR_TRAVERSAL_COMPLETE		988	1	988	PENDING
CHEBI:69414	0	ae95c0ad19816f6b7770e9220ee152aed44b94c9e844c386014a14a44df6a68f	CURSOR_TRAVERSAL_COMPLETE		1713	2	1713	PENDING
CHEBI:31585	1	535da14f83ae4e796f447e3714bbbd72a31fb5cbeb338e3cf2e5d7f8097b06bf	CURSOR_TRAVERSAL_COMPLETE		205	1	205	PENDING
CHEBI:421707	1	d3bcfab7269f6d2ceaaa99be6a5e18add7281ae056f51d79dc7331a434f1c351	CURSOR_TRAVERSAL_COMPLETE		4691	5	4691	PENDING
CHEBI:16976	0	3a3492c635d2e75641fcc3786bec1bb0de239f1d5f82ec6ffd5cdd434c089bb8	CURSOR_TRAVERSAL_COMPLETE		642	1	642	PENDING
CHEBI:5100	1	0e8e6cb9cbd0b6e76262efc4e22b52d568c8e75f38707f7e7b05e29a797d1b12	CURSOR_TRAVERSAL_COMPLETE		125	1	125	PENDING
CHEBI:2618	1	9cad2bfd5b49689f343d170123ba1d25e13e0f2a3ebb38ca0fda17446b0cbc69	CURSOR_TRAVERSAL_COMPLETE		339	1	339	PENDING
CHEBI:471744	0	18c7163910359756679b8264477a79dd4512288f7a52625b0f276a6480befee7	CURSOR_TRAVERSAL_COMPLETE		3651	4	3651	PENDING
CHEBI:27744	1	2d9a3edb722724ac69c20c46a21f88ab0244a7bb54d06fd4ae83cc53b78baeef	CURSOR_TRAVERSAL_COMPLETE		1497	2	1497	PENDING
CHEBI:40050	1	e90709feedd468ba3ea68fb32e284bce47b4044f8aea5808532cd855e45a1bd7	CURSOR_TRAVERSAL_COMPLETE		166	1	166	PENDING
CHEBI:28499	0	5b1d60b3cbd24c5597a45fcfca7b23180884ba70bad993d38917b2d2263b5991	CURSOR_TRAVERSAL_COMPLETE		242	1	242	PENDING
CHEBI:81767	1	31b3a4c6abe3c5f11e44723cd6c1a911d5aacc73354ac0e8d0ed3db9a54f1041	CURSOR_TRAVERSAL_COMPLETE		2641	3	2641	PENDING
CHEBI:2766	1	337ee9dde91e64ed673541a3a941a8877d926ef3da3de94a89054cdc911508b0	CURSOR_TRAVERSAL_COMPLETE		159	1	159	PENDING
CHEBI:17630	0	9d2921d4753f7af5bda57b885e7cbaf15065a1d7c853b11b926978d43c9c5bf6	CURSOR_TRAVERSAL_COMPLETE		4649	5	4649	PENDING
CHEBI:28909	1	5241504362c9ebe0a2a16bb21f42c6c10488bbd7a2a8806606a8572612e29afc	CURSOR_TRAVERSAL_COMPLETE		130	1	130	PENDING
CHEBI:172943	1	2112541c5bb20185c910bf6c17b346b2bb3a234911416d73b0899053eac6c284	CURSOR_TRAVERSAL_COMPLETE		169	1	169	PENDING
CHEBI:63598	0	9ba1f3d5b7146056237785cd423677582f78b3a9322fbc2242a0f09f9d9c7b56	CURSOR_TRAVERSAL_COMPLETE		2369	3	2369	PENDING
CHEBI:6076	1	75c329e53709f2a9c8fe66da32e83bc10d773d3b2198a153b1213ee00e10ea18	CURSOR_TRAVERSAL_COMPLETE		998	1	998	PENDING
CHEBI:172944	1	1d2debc641a93580fe95da8ce14ce107a6aec8fae0c07e3424a74017f7e5ef4b	CURSOR_TRAVERSAL_COMPLETE		197	1	197	PENDING
CHEBI:6472	0	9e49730e668d610a5b6ee032e2af1d0bfe45a3d833543de07ed81b94ae30eef3	CURSOR_TRAVERSAL_COMPLETE		503	1	503	PENDING
CHEBI:60607	1	843bfdef6548105a70be440a22ad7a3c0a9ec14c99113127edaeeee712975c21	CURSOR_TRAVERSAL_COMPLETE		176	1	176	PENDING
CHEBI:3696	1	9fa3a24e879f4d096388b22650bf04d7035fc19c46bc18b296da49f3c98b5d89	CURSOR_TRAVERSAL_COMPLETE		294	1	294	PENDING
CHEBI:63607	0	4c48c708e106ec05fca45a4f4be8d23e26fcebb012e78b8addd7ef68c0550331	CURSOR_TRAVERSAL_COMPLETE		1957	2	1957	PENDING
CHEBI:53620	1	6a2915151fd7e9ab87308bbf0000847de772f4e527ab37eea5f3928b88f3fbaf	CURSOR_TRAVERSAL_COMPLETE		1487	2	1487	PENDING
CHEBI:59495	1	a8c5ae19fbfac9501eac8782142c44bdb5d2fe7a560d6efaa573db68eb65fa18	CURSOR_TRAVERSAL_COMPLETE		234	1	234	PENDING
CHEBI:17351	0	040a0e7074c32f922af46be16c52666b6f700fa206833537e1f9773619a4a8a9	CURSOR_TRAVERSAL_COMPLETE		424	1	424	PENDING
CHEBI:75283	1	d5ab96a80347e38ce49101bfb281996900191b367ce1983e77c5c8d1ea83edf1	CURSOR_TRAVERSAL_COMPLETE		156	1	156	PENDING
CHEBI:28680	1	2dd20130639938a52dd75b8c4427f7456d9f8a23f3b38194613ffdeda72d8ac4	CURSOR_TRAVERSAL_COMPLETE		651	1	651	PENDING
antibioticmech:curator-d604421a09	0	ab184865e03aab132a523627b8833dfe12c6342514f8c4f13606c632400cdd1f	CURSOR_TRAVERSAL_COMPLETE		180	1	180	PENDING
CHEBI:27617	1	674ea8372c9cfe29d55c86bc786833ce2e67cafaf6f2731b2175c331ac2799e9	CURSOR_TRAVERSAL_COMPLETE		126	1	126	PENDING
CHEBI:367163	1	c54965e85e96ea935c4f1f1132f62a820667c0ff43f580c256b0cbcb6925af5c	CURSOR_TRAVERSAL_COMPLETE		475	1	475	PENDING
CHEBI:51208	0	34e8767b72e9772e535db05a4510a02872193a92dea82b588571e047e6fca3c3	CURSOR_TRAVERSAL_COMPLETE		102	1	102	PENDING
CHEBI:233566	1	95eab6d1ed0b004605bf6dbf4a4879dbea46eb59493bbd57c23faef99dbf39a0	CURSOR_TRAVERSAL_COMPLETE		713	1	713	PENDING
CHEBI:49375	1	9ef1fa446ad8c712eb5a6b93a6af2ed98fc57b982d560bab8d1dbe0c9e7ed60a	CURSOR_TRAVERSAL_COMPLETE		852	1	852	PENDING
CHEBI:43968	0	660224281ee60fa779f67c2e8ae2ad1c2dcfe9fb146770b94d5c0493c2f12b72	CURSOR_TRAVERSAL_COMPLETE		3217	4	3217	PENDING
CHEBI:28285	1	4f48621f47734c2c411733571619bcc81c13bd536802f302d7c0c3b9d79f3fef	CURSOR_TRAVERSAL_COMPLETE		242	1	242	PENDING
CHEBI:490877	1	9db0db362c91732e0acf182d4f4d2b11cb3922d30bd671ce2c49fc13916e549a	CURSOR_TRAVERSAL_COMPLETE		238	1	238	PENDING
CHEBI:6827	0	d93408314c23cca74aff18d3b508815abf9afa73bd768cd98dbd7465041569dd	CURSOR_TRAVERSAL_COMPLETE		9833	10	9833	PENDING
CHEBI:7753	1	b2a038339eb4d785691eaf67cb9c0483e7b399960a960a59cfbdca43740a50e8	CURSOR_TRAVERSAL_COMPLETE		525	1	525	PENDING
CHEBI:119486	1	c5db0dd861995962230c07d42be84e125f312f0edb24b30e86b28bd03775826e	CURSOR_TRAVERSAL_COMPLETE		815	1	815	PENDING
CHEBI:6909	0	eca165642dc9d31f84b6ea786dff5313f7af2f39a5aae100957e52e62fc97ce2	CURSOR_TRAVERSAL_COMPLETE		1256	2	1256	PENDING
CHEBI:17642	1	bfb82b957b01979d6fc3087119e4a088440fbda115d2f2098f819bf7a531e6a2	CURSOR_TRAVERSAL_COMPLETE		217	1	217	PENDING
CHEBI:72289	1	15fb331f8f8bb1547fe93c4c2e4d3fac17bd610a7f04852b8a93a5dd3f02e5ca	CURSOR_TRAVERSAL_COMPLETE		296	1	296	PENDING
CHEBI:50694	0	ac4a5e0b92ab97c93cc3222e903734822f114afc2e387d33e6d34df0064b3db4	CURSOR_TRAVERSAL_COMPLETE		669	1	669	PENDING
CHEBI:17909	1	0e614d877b85ae9ed7a1526345b334623e6ffad12b565047b75b082ac11cf22c	CURSOR_TRAVERSAL_COMPLETE	P_PDATE_D desc	65775	66	65775	PENDING
CHEBI:31536	1	b89ab0e51daacdaaeadab961e5acf6981f2be4d6629f8a472333657e40359826	CURSOR_TRAVERSAL_COMPLETE		719	1	719	PENDING
CHEBI:63611	0	01bc620396a95a7523d998d6238d2788d3c75735af319a156dfb6faa11c8c7c4	CURSOR_TRAVERSAL_COMPLETE		1116	2	1116	PENDING
CHEBI:8489	1	a656afafcfef88df6c380ad656a0825faa1ab58bca61d40095b132f0bbb249da	CURSOR_TRAVERSAL_COMPLETE		137	1	137	PENDING
CHEBI:473990	1	889dd454ad0984d1229b1f8be5e9df981f3a614afb2d728190372928968caa66	CURSOR_TRAVERSAL_COMPLETE		511	1	511	PENDING
CHEBI:7025	0	af1895020635dd265e30ffd66795508ac3bb198333568947df1d68545093c10f	CURSOR_TRAVERSAL_COMPLETE		429	1	429	PENDING
CHEBI:30768	1	18d2486e08b83af8849d074652ab7f46ce66eb1e8ae857e662365d0f8373f416	CURSOR_TRAVERSAL_COMPLETE		2033	3	2033	PENDING
CHEBI:59902	1	cf6a2d7fc0aee84bdd66436ef4363bc2fd63370d1c88afdf388ff18c8c782eb4	CURSOR_TRAVERSAL_COMPLETE		511	1	511	PENDING
CHEBI:100147	0	64f0ef9be5f1148bd6a373991cdf857d9175f695e065fe2e580ec1f896a1e768	CURSOR_TRAVERSAL_COMPLETE		2078	3	2078	PENDING
CHEBI:16914	1	d57811186b58b941c2c56861a0a9a3e94d08b2e5e8f8b4c684060984233e6dc3	CURSOR_TRAVERSAL_COMPLETE		4744	5	4744	PENDING
CHEBI:4974	1	cdcbc5e3bdf9e21fc3e9fef93222df69487f9cbad5cf01d29f01710ab9681716	CURSOR_TRAVERSAL_COMPLETE		102	1	102	PENDING
CHEBI:71629	0	97e3d7006dd2d0d446c29f05b9f1ee6acf959ec1890526d205ac2022fb4aa09d	CURSOR_TRAVERSAL_COMPLETE		400	1	400	PENDING
CHEBI:9242	1	43bb38cc0ce3c8d40cb1d58d82fb60782f295541124eb6e496b644c1db548d9b	CURSOR_TRAVERSAL_COMPLETE		158	1	158	PENDING
CHEBI:465284	1	a5bf80dac9c29be7009f7f10eec0222b4b99c8e680489e9f6aa27b831e0d3c2f	CURSOR_TRAVERSAL_COMPLETE		898	1	898	PENDING
CHEBI:71415	0	c9730471c02c2f236a81b85639cbc18e740c120e31248050f08e8c8e86d33f56	CURSOR_TRAVERSAL_COMPLETE		548	1	548	PENDING
CHEBI:82044	1	533480f677abafd8d3f3515bca6f7c9d469aa6a4112fd2de5ba8abf21707c84e	CURSOR_TRAVERSAL_COMPLETE		203	1	203	PENDING
CHEBI:5292	1	50214a811dcc024af617da76b1dab0802c444049a993a734ae2aa627f9644b4f	CURSOR_TRAVERSAL_COMPLETE		119	1	119	PENDING
CHEBI:100246	0	349b281c06ddb0b284d1fbbe09ab376db14c9cd075264b2ae3dcc21649c7b85e	CURSOR_TRAVERSAL_COMPLETE		827	1	827	PENDING
CHEBI:46024	1	be5efa5efc1fc98dbeb77c65ee012e4097923f5200e0360471c0ddb07e081b89	CURSOR_TRAVERSAL_COMPLETE		541	1	541	PENDING
CHEBI:31690	1	6d18805e0af7aaaaa929115b6ec4efb7848f3f09b32a6e9638578a4edca20d85	CURSOR_TRAVERSAL_COMPLETE		690	1	690	PENDING
CHEBI:28368	0	d39c2409e7232c2467290e17af2fc558ee8099e78fd3cd58461bddbfa03b9f90	CURSOR_TRAVERSAL_COMPLETE		452	1	452	PENDING
CHEBI:16664	2	9aeda25db09fb799face5990e0efb61da7fc1b8fd996d900b513e83154e39698	CURSOR_TRAVERSAL_COMPLETE		176	1	176	PENDING
CHEBI:44032	1	b4530e9d763edce8a368fe7730149f1c1ae56cc29e11a373d668c5138d3f9054	CURSOR_TRAVERSAL_COMPLETE		257	1	257	PENDING
antibioticmech:aro-2eea3233f3	0	f97fb33a41bfd26d0305e79e9c5491227420c520b3be6c2929a2b1d06cc3cecb	CURSOR_TRAVERSAL_COMPLETE		950	1	950	PENDING
CHEBI:27641	2	b6224c221fa7c997061856a806818ccea83421f1737997d84164eb5175ada8ed	CURSOR_TRAVERSAL_COMPLETE		925	1	925	PENDING
CHEBI:167830	1	38c728f1093ab9b07a096576376c6941d54ba6f0a3370fd5c32ccd6318203324	CURSOR_TRAVERSAL_COMPLETE		969	1	969	PENDING
CHEBI:16196	0	cfd26213914b36565fff20c5b19dd2a77eafdce32dfa35d27eeb3b72e22c3537	CURSOR_TRAVERSAL_COMPLETE		361	1	361	PENDING
CHEBI:4031	2	bc2e998447a68bf5778aebb34900a938b0348b1fcc151ea2c3fcb2c114f1d6a0	CURSOR_TRAVERSAL_COMPLETE		575	1	575	PENDING
CHEBI:63577	1	e627c87c91e4384d3a39b8ca76be487dfa82688f6802f88298afa8118ff619d6	CURSOR_TRAVERSAL_COMPLETE		2552	3	2552	PENDING
CHEBI:7809	0	b44fec3de2e3dac03c29691ddedaa83153ea9522a9acce753eb50c97a17b3a7b	CURSOR_TRAVERSAL_COMPLETE		1641	2	1641	PENDING
CHEBI:5100	2	824b841e056a0af80a6b26021cc5bc2b47d9f7613b2055960837e01895ffb107	CURSOR_TRAVERSAL_COMPLETE		315	1	315	PENDING
CHEBI:31781	1	82729ac269cb0501ac09d687bb3f7c4c3b5ffae8f68a216c7cb6aee680df2930	CURSOR_TRAVERSAL_COMPLETE		436	1	436	PENDING
CHEBI:27701	0	61639874d4af3624b4f3abbb85518d076a892ce62a2e4c31272ba29850770430	CURSOR_TRAVERSAL_COMPLETE		672	1	672	PENDING
CHEBI:27617	2	335650456a4138cb4206f3e12ccd48de050bd53bb0b8c90b023c6953259d810f	CURSOR_TRAVERSAL_COMPLETE		126	1	126	PENDING
CHEBI:168396	1	3fcd291d263aa21d02211ee200acc3ea8ac25fd22ef7a78986c9064ccddfcf17	CURSOR_TRAVERSAL_COMPLETE		160	1	160	PENDING
CHEBI:15756	0	125b6d78127d63170d4db92dcda92be399602d5aea33e224e3176d26cbfb45f7	CURSOR_TRAVERSAL_COMPLETE		345	1	345	PENDING
CHEBI:44976	2	d31d441197feb1423d053b52933aea4a2d3103b59bafd093d6020c3107e68622	CURSOR_TRAVERSAL_COMPLETE		186	1	186	PENDING
CHEBI:78236	1	ddaabf472aee84332f3141fe49289442f573fb380b4b95edce22d40297d49149	CURSOR_TRAVERSAL_COMPLETE		148	1	148	PENDING
CHEBI:7934	0	55ec93559ce4941c84d134399625a4f1242f7ee729f896bed563653c25e976cc	CURSOR_TRAVERSAL_COMPLETE		229	1	229	PENDING
CHEBI:45979	2	746528f8890ba88804f05cf9ce9d5957dbba1db5a277475f361850a73fa4ff68	CURSOR_TRAVERSAL_COMPLETE		115	1	115	PENDING
CHEBI:28939	1	5fff1a93b078c305fb3584b151b436975504a17e5693bc36127058b27e56ba1c	CURSOR_TRAVERSAL_COMPLETE		1972	2	1972	PENDING
CHEBI:8232	0	8a226cfd9cf6ef26f1f78d324454fcefcff2e9b82b940dab865ed3a378f22f67	CURSOR_TRAVERSAL_COMPLETE		1302	2	1302	PENDING
CHEBI:4031	3	17ca263b10f6530fda7a8ff434b013ba919ed6be733faecbcfbffb9840f8a2db	CURSOR_TRAVERSAL_COMPLETE		554	1	554	PENDING
CHEBI:44485	1	6adf93fe8f342a32b21bc54f5a7828b3cbebd24f9d661c96ba1b0c363e6ce14d	CURSOR_TRAVERSAL_COMPLETE		259	1	259	PENDING
antibioticmech:aro-b4f5ca6a06	0	e60bde33344005d3c15617ade52fe4a3835c61dddb303983acbdf6b6cb287c4d	CURSOR_TRAVERSAL_COMPLETE		108	1	108	PENDING
CHEBI:30768	3	4293d2ad3f882f878a5d8f8be6a15e262f3b2d3a810ae0a5b23c45bfb0d545a1	CURSOR_TRAVERSAL_COMPLETE		180	1	180	PENDING
CHEBI:63613	1	f8e2cb30bd65977e97f02dddc56f7b704bd28f36dc3361c8483836461ee933bf	CURSOR_TRAVERSAL_COMPLETE		1093	2	1093	PENDING
CHEBI:17939	0	4290bd82be7848a2e338ccbcc2a210d86fa20fe76cd425b549ee12cec427b80e	CURSOR_TRAVERSAL_COMPLETE		480	1	480	PENDING
CHEBI:7956	1	85e07b36580060512dbd107eabe2ef1c5243e2521c541c66bfda35804d769a71	CURSOR_TRAVERSAL_COMPLETE		400	1	400	PENDING
CHEBI:16243	0	63bbdd8575c33ad98bc19b667233d458654fb4a52ca0e1d220913614d24bea62	CURSOR_TRAVERSAL_COMPLETE		647	1	647	PENDING
CHEBI:85196	1	875656589014037fc677bd5ee4ffd45a0824ce8d2306d5279a4586f3af62cd7a	CURSOR_TRAVERSAL_COMPLETE		136	1	136	PENDING
CHEBI:8732	0	7413aaa1aa034eccc1f2bb6dfbc3999286c9099d87836943e7fb4920e3272ee8	CURSOR_TRAVERSAL_COMPLETE		325	1	325	PENDING
CHEBI:15732	1	7802dfb51917662deedb7510de96c70c6d2297d63f8dd1d8ab42d46183f6adfb	CURSOR_TRAVERSAL_COMPLETE		108	1	108	PENDING
CHEBI:45367	0	16c91459993c8e19fb865a3099fa5a5138d57728dfa8de0e4a520284b311282a	CURSOR_TRAVERSAL_COMPLETE		196	1	196	PENDING
CHEBI:127780	1	de982ec1f6b5162646cafb76759d6981114df99d5c153de642d897192ded168f	CURSOR_TRAVERSAL_COMPLETE		338	1	338	PENDING
antibioticmech:curator-59edbdc708	0	295c59af6f1d3375de47b55fa82bb3dca244f1332fa1ee5f5e1c864b77d26951	CURSOR_TRAVERSAL_COMPLETE		150	1	150	PENDING
CHEBI:18145	1	710101fa02c23dbd9b220ba227772e32d7d45e0947c5abef3765b03475419954	CURSOR_TRAVERSAL_COMPLETE		393	1	393	PENDING
CHEBI:9168	0	fd92fd2f79f6d09894a4280fdd03dd0e943e1007208e53bb392a36c575357376	CURSOR_TRAVERSAL_COMPLETE		109	1	109	PENDING
CHEBI:82960	1	ab5719624fb006c16cb7815cf1f6bd3a9128f41f8d6d77b2747122ce523c4ed4	CURSOR_TRAVERSAL_COMPLETE		551	1	551	PENDING
CHEBI:4304	0	fab682a4fc842e2664504cf266f2fe99297567476ad263b92f679482e67bd81a	CURSOR_TRAVERSAL_COMPLETE		110	1	110	PENDING
CHEBI:145994	1	969a4a80b593413ad37ab8cdc34cbd538cbd8a9fd7e4b1f569a9d1f61e2e2f1f	CURSOR_TRAVERSAL_COMPLETE		179	1	179	PENDING
CHEBI:29678	0	daf592e2973b4367c23fe69aaf130d727790d4cc056c045f77b155c98c15f700	CURSOR_TRAVERSAL_COMPLETE		103	1	103	PENDING
CHEBI:45490	1	e38bdc69708427982da678b436059cb207879706aefe538205a4a8c98aa3389d	CURSOR_TRAVERSAL_COMPLETE		169	1	169	PENDING
CHEBI:278547	0	29156674a09739a535a9df2115f3b69c1a5ecd5d75d5e596801be1a836e473ab	CURSOR_TRAVERSAL_COMPLETE		158	1	158	PENDING
CHEBI:63580	1	c05c8c4f38967e4692eceae186ecfa53881ef21aae8fae939d1b24ce7bad6046	CURSOR_TRAVERSAL_COMPLETE		133	1	133	PENDING
CHEBI:9212	0	dd77a8ac17e236093ebe03f48f110161f122057bc4d796a571520ffc80e3aeb1	CURSOR_TRAVERSAL_COMPLETE		156	1	156	PENDING
CHEBI:50924	1	f55b4e1711219b80999c9d6516bf3ffb9df32f133ef7d6d829da801a7d1b273c	CURSOR_TRAVERSAL_COMPLETE		963	1	963	PENDING
CHEBI:9215	0	111c5637626b55a3e1ff5e7fc6fd9aea3faf6f15d3cf77ec12fce8c5e973881e	CURSOR_TRAVERSAL_COMPLETE		1060	2	1060	PENDING
CHEBI:63581	1	96d6f164c042620a9b5e4e39f99a132e4b7f494b50efff07ebb31ba690e9cb7f	CURSOR_TRAVERSAL_COMPLETE		451	1	451	PENDING
CHEBI:17076	0	00978b73840338ff309859c98e58d60fdb2f775763f48b1b5ca7f691ec41c712	CURSOR_TRAVERSAL_COMPLETE		4778	5	4778	PENDING
CHEBI:134504	1	c23090d54bd3ea775035006f90732aea6408a51a23b47b0ef3c85257d0ed8e94	CURSOR_TRAVERSAL_COMPLETE		1219	2	1219	PENDING
CHEBI:9329	0	6307051b4ef4c515c8b1534c2415813b7bec9ee23c39403b66cdf4f883da627d	CURSOR_TRAVERSAL_COMPLETE		734	1	734	PENDING
CHEBI:90923	1	b4af3868a0469e28e78c9ab11f05327c925fab7c8090438d6b97779322b9c78f	CURSOR_TRAVERSAL_COMPLETE		160	1	160	PENDING
CHEBI:9332	0	ee3dd0d702218b59c722c9a64ccfdc2e638a3ce63f2a10e6e6f5e200420d8068	CURSOR_TRAVERSAL_COMPLETE		3177	4	3177	PENDING
CHEBI:90926	1	3b54a0b7634554a6473ceb3c764edcc7866d261fc26cf62aac799626ba1f651c	CURSOR_TRAVERSAL_COMPLETE		167	1	167	PENDING
CHEBI:102484	0	caf62e8fcd1498435d416a1d3a1e1d9b460e06eaea5827c0ddfc5edd7177e832	CURSOR_TRAVERSAL_COMPLETE		155	1	155	PENDING
CHEBI:63625	1	7b8c11c813d00575739e6663e00aa7bab9179306210f4df6d2cf668bfcae1782	CURSOR_TRAVERSAL_COMPLETE		1220	2	1220	PENDING
CHEBI:71976	0	dfd6ef0823537a39ba8dc40a30a39f164e2cabe7906c7a3eb5688e41a347f494	CURSOR_TRAVERSAL_COMPLETE		172	1	172	PENDING
CHEBI:63718	1	9f5be5a483f91c1fc171dbbf36bce142a9565fdaf5d787ebc0edff4acd50d513	CURSOR_TRAVERSAL_COMPLETE		476	1	476	PENDING
antibioticmech:aro-a71ef91d49	0	ec2059ddba2bfb18a8126f73ae342258831a786dd9898294450aa742693b71e6	CURSOR_TRAVERSAL_COMPLETE		697	1	697	PENDING
CHEBI:63716	1	ae9874156006b85e4bc6b993c8c6ebd656bd2655f9cc14c8ddff381289ed7b42	CURSOR_TRAVERSAL_COMPLETE		1219	2	1219	PENDING
CHEBI:29688	0	4c361da7542f70dcc50acf570ba6a0b839cc992e3e480ebef0e2a062f977ed32	CURSOR_TRAVERSAL_COMPLETE		180	1	180	PENDING
CHEBI:9555	1	7e5c48f56957821fe278b3a1ea20827db8a9894959db6df1a5e77c536b6e695e	CURSOR_TRAVERSAL_COMPLETE	P_PDATE_D desc	2946	3	2946	PENDING
CHEBI:64090	0	2f498ef943ce432d8eabf4dc07056c3ce28850cec3f0a19351a80270a5f5b292	CURSOR_TRAVERSAL_COMPLETE		101	1	101	PENDING
CHEBI:75998	1	a94c207f6829c08cd72ee4ae43ae22ed6de989703a6f45cb598261745c28e7bb	CURSOR_TRAVERSAL_COMPLETE		694	1	694	PENDING
CHEBI:27902	0	16a76d0813e7d4b1a0949c4ef86435e92aaac88680bfbc60f03d4761fc8bb97f	CURSOR_TRAVERSAL_COMPLETE		10724	11	10724	PENDING
CHEBI:75179	1	71989d14c96f2833020d591682808b1dd46b1092bcf20803e24c75c60c1c29af	CURSOR_TRAVERSAL_COMPLETE		120	1	120	PENDING
CHEBI:29693	0	509c274800125a83be386acd84910bcfaf4597658dcc7549307930d4c0e1274d	CURSOR_TRAVERSAL_COMPLETE		182	1	182	PENDING
CHEBI:10101	1	ac3588806efeffead67cc175ed74940bfae629c507b03dfc7da90ac8a747edb2	CURSOR_TRAVERSAL_COMPLETE		221	1	221	PENDING
CHEBI:44137	0	9f4c68430559dbc5eb25683202fd4c3c81e820985a136adb7102d15c1fb5fab8	CURSOR_TRAVERSAL_COMPLETE		146	1	146	PENDING
CHEBI:50663	1	7bf0c1e6a9180bfd3985cdf53ccd8da7836a992521c070d7499a0d12de859cef	CURSOR_TRAVERSAL_COMPLETE		395	1	395	PENDING
CHEBI:9587	0	471bae7b17fb6ee21713ee22310e9e3c06db102636f24a9dc0d978d6066d6385	CURSOR_TRAVERSAL_COMPLETE		272	1	272	PENDING
CHEBI:10110	1	82e133bfc8d7e015b87d77e9cd01d4d65e0798d7ab9e92a151599a95cebf4285	CURSOR_TRAVERSAL_COMPLETE		592	1	592	PENDING
CHEBI:149836	0	98375d74764e4ac0c173e7d5db0f21190aae52dedae0358bf5aee39f968c06ad	CURSOR_TRAVERSAL_COMPLETE		2051	3	2051	PENDING
CHEBI:31175	2	1855dd43ac0a6f6aaf9b56ae83f27c59ccf7cbf784099bde8e8a9614bc9fc7bc	CURSOR_TRAVERSAL_COMPLETE		260	1	260	PENDING
CHEBI:195409	0	6f22dc4317a8b61c44e3e5b480f29e5f7d0f368ba7cddbac0e0c61f68418c91b	CURSOR_TRAVERSAL_COMPLETE		108	1	108	PENDING
CHEBI:2469	2	9aba4b2f433ace6e0632e69edf4897738b2f280e0dc1c7a6f36e1789c449a325	CURSOR_TRAVERSAL_COMPLETE		702	1	702	PENDING
CHEBI:28864	0	addd4f5bf223649bf263dc4af6be0a278ee638f7ff9ac50fed8d5bd756a2b726	CURSOR_TRAVERSAL_COMPLETE		1058	2	1058	PENDING
CHEBI:28680	2	35e417a61d2421bbea02171396002d467edfd61ebab0013ec7cf8c7b041236cb	CURSOR_TRAVERSAL_COMPLETE		165	1	165	PENDING
CHEBI:164200	0	8260e648b112168ad772ae2a4058ea22fe273647b18130e7761e106fb414177b	CURSOR_TRAVERSAL_COMPLETE		338	1	338	PENDING
CHEBI:490877	2	c36cf394d5fe5940c9033b7d9e2016726cddd2b61bc113e33b497f40fc5f0aaf	CURSOR_TRAVERSAL_COMPLETE		396	1	396	PENDING
CHEBI:45924	0	09c8184e9b2868cdbfa91bc0c6be7b8597d7d6135075d00e1435275ca9717867	CURSOR_TRAVERSAL_COMPLETE		4540	5	4540	PENDING
CHEBI:42471	2	2d55d95c7b9e4efaf225db89a932d5d05a5b95d581687941f7026070f430b757	CURSOR_TRAVERSAL_COMPLETE		264	1	264	PENDING
antibioticmech:aro-be005cca98	0	203d66d341d3a638a3b0ed0beed67d8e65136c53ee86401d44cd548c6279f3f3	CURSOR_TRAVERSAL_COMPLETE		424	1	424	PENDING
CHEBI:75592	2	48ab00855f4159e10487a9bd1ccc553fccda8cc28975931f1032a4527e8554b8	CURSOR_TRAVERSAL_COMPLETE		188	1	188	PENDING
CHEBI:17658	0	46738fa52bfb26543d07b841889f91241b1eb23ab0e45c8bbaf32db0e698690e	CURSOR_TRAVERSAL_COMPLETE		321	1	321	PENDING
CHEBI:50667	2	002b16e9327fdb4332a5038252e619e950281bcfbf36cf5b01d97f2872e2d768	CURSOR_TRAVERSAL_COMPLETE		176	1	176	PENDING
CHEBI:28001	0	fb7845ced37a30e6f7ddf8dd036938962eff3d9ba38995e3c4c3aa45258679ce	CURSOR_TRAVERSAL_COMPLETE		5848	6	5848	PENDING
CHEBI:28939	2	f15c4ab91cc1c290c60831063aec53f14ec9e4e0ee09be0fc01aac83cfbbc811	CURSOR_TRAVERSAL_COMPLETE		446	1	446	PENDING
CHEBI:383703	1	42904b7bb2b484ba46a6fbcbd44729d8303170ced2bfa7634ec8a4ce0fc17739	CURSOR_TRAVERSAL_COMPLETE		174	1	174	PENDING
CHEBI:7798	2	ac6d013d0905f8cd446187309e229de1a51d0b4f5e426a783105f3175dcc0f79	CURSOR_TRAVERSAL_COMPLETE		941	1	941	PENDING
CHEBI:27666	1	d7e14e539e0b08a150fbdbaf7976551246073907441ee629fd9c2da99b80ec38	CURSOR_TRAVERSAL_COMPLETE		516	1	516	PENDING
CHEBI:90227	2	253407d5278e702b8ef5eb5fb583a6ff393a3dcfe6470a83f384a17da5532fb8	CURSOR_TRAVERSAL_COMPLETE		143	1	143	PENDING
CHEBI:157683	1	d214f85c79f9116a3437a158f8f327147988be35be4daf630c4fc4d75a98b964	CURSOR_TRAVERSAL_COMPLETE		1740	2	1740	PENDING
CHEBI:9555	2	7aaf980ccbcd98e8323cd05a0b500f39b58e2908513044a0244d3ab18d975a8a	CURSOR_TRAVERSAL_COMPLETE		1063	2	1063	PENDING
CHEBI:2637	1	88106ed6f81637cbcc3c77e814421d060cfe7f58b22354b74a47635ba1dc265d	CURSOR_TRAVERSAL_COMPLETE		131	1	131	PENDING
CHEBI:10110	2	9435429f52df71e9d1eccf152b8749038f18a903b8d31264e37ded3f3a75ce61	CURSOR_TRAVERSAL_COMPLETE		263	1	263	PENDING
CHEBI:2676	1	e74ac0842e29058eb093f28e1201ec1cae0e4dd6e3908caecf38789c1576a63a	CURSOR_TRAVERSAL_COMPLETE		2588	3	2588	PENDING
CHEBI:172944	3	1c8afb4765efe4d7c7c23fa9594efec03a6813d544c4c67a7ef5af5563cbce36	CURSOR_TRAVERSAL_COMPLETE		145	1	145	PENDING
CHEBI:28971	1	f6eab0249ab6f44cb5563f23a0102dabbe1f16578dbe2435a9d0c7f54f05a5e8	CURSOR_TRAVERSAL_COMPLETE		5388	6	5388	PENDING
CHEBI:3647	3	e0710692e599402501bd9561e3ae5894a80d23f00654a4b29e8d106c6af891c9	CURSOR_TRAVERSAL_COMPLETE		114	1	114	PENDING
CHEBI:2790	1	15215f7f5601328423749c40ba8090e7b97bbc4fbab14c6c3682c426ed04cba4	CURSOR_TRAVERSAL_COMPLETE		191	1	191	PENDING
CHEBI:68478	3	576039f4deb4842d7bf527d6cb066021108dc89a58a265fda83e0b80c99b3cf8	CURSOR_TRAVERSAL_COMPLETE		342	1	342	PENDING
CHEBI:2955	1	e3d350c83ad59eb390dc7f6a8047599f02643466a4d0c76436e8c96c3e916460	CURSOR_TRAVERSAL_COMPLETE		110	1	110	PENDING
CHEBI:60761	3	1b5700c52e1c980b866c631a9ad72fb02594bafd3e2f5804c190719bfad25cbe	CURSOR_TRAVERSAL_COMPLETE		122	1	122	PENDING
CHEBI:161680	1	ca708c3d60803441063e35ca9c2d5dee7a37b618633dc0590198a3010a392b4d	CURSOR_TRAVERSAL_COMPLETE		1786	2	1786	PENDING
CHEBI:50667	3	05577c15e4789550c2d6e679c6c7e858c8fff5ffd05558125b83916bff7bedf4	CURSOR_TRAVERSAL_COMPLETE		145	1	145	PENDING
antibioticmech:aro-34500a4f2b	1	8e543b3069565fa191b9bfe83e7a1f8841d67f6357fc5eb4b797092e4892d1c9	CURSOR_TRAVERSAL_COMPLETE		334	1	334	PENDING
CHEBI:28939	3	30ebac880258752879995c2f758aa34201eb4d5524f3359594363826dd0990c7	CURSOR_TRAVERSAL_COMPLETE		148	1	148	PENDING
CHEBI:31264	1	2310ef02065ddb9a293e65750d74c737a108ed3bd0c47926787ca48234980f69	CURSOR_TRAVERSAL_COMPLETE		231	1	231	PENDING
CHEBI:9555	3	a322bed49bea20f4c98c26d4d3c435b1992fc64d04daff79550140c304a26026	CURSOR_TRAVERSAL_COMPLETE		922	1	922	PENDING
CHEBI:18208	1	62fb86ace78e08738abcce8fdec5ab73d9087cb3de6263edf14848f5815ddede	CURSOR_TRAVERSAL_COMPLETE		2365	3	2365	PENDING
CHEBI:3139	1	3e2b9ee75353a4ac4e66ece484fce32af9b5811a4fe702dac2113fe66af7561d	CURSOR_TRAVERSAL_COMPLETE		683	1	683	PENDING
CHEBI:48080	1	f4b4529bbe8022e8701fe5b4899b79fcf15e77d4c177fb7cb22405829d46c2e2	CURSOR_TRAVERSAL_COMPLETE		232	1	232	PENDING
CHEBI:3393	1	f7943db6295026a1057bc5d78d4d03580c80d07391ed2067f6e9e1ac9d358be3	CURSOR_TRAVERSAL_COMPLETE		1536	2	1536	PENDING
CHEBI:3478	1	e00fd6418e1886677c43c9b3b8cfd4a2c2b2dba45670c2da92575931600eb0ff	CURSOR_TRAVERSAL_COMPLETE		296	1	296	PENDING
CHEBI:3479	1	1f145c2fba3e7c9c1eea1198f6100cf84c077862f9b24500859339fc077f9f85	CURSOR_TRAVERSAL_COMPLETE		787	1	787	PENDING
CHEBI:124991	1	be9994e8c629f3efc741114df1621b82aa5c6ad34ecbec57ecde585d3f509b4a	CURSOR_TRAVERSAL_COMPLETE		195	1	195	PENDING
CHEBI:3480	1	ce192298425567ede12cf3b0ee83a4b29284fe45dc10a6c6af6ae7d09f0e7b9f	CURSOR_TRAVERSAL_COMPLETE		103	1	103	PENDING
CHEBI:3485	1	62d43df78f89e1cb7c04071f72d621c9529fef3e5314b2dcd73544838c91a5a7	CURSOR_TRAVERSAL_COMPLETE		263	1	263	PENDING
CHEBI:478164	1	c15dceef074b60ef25c9517b96fc2bde03689f35f9cb166c901d3225e94a948b	CURSOR_TRAVERSAL_COMPLETE		123	1	123	PENDING
CHEBI:3493	1	a4b41b81eef2330d35155ee5cea0dfcc4c5a4c4ae2a3cc65924ae9dd33a62199	CURSOR_TRAVERSAL_COMPLETE		131	1	131	PENDING
CHEBI:204928	1	95e2dd226c0061b4390abe71132d6b72bcbf3294729dd0510e8a6ff60a1df134	CURSOR_TRAVERSAL_COMPLETE		5573	6	5573	PENDING
CHEBI:3499	1	3402ad3f755b2a5d0dddf668cda58eee1e1d6bc336a3856bee484e9c2f117743	CURSOR_TRAVERSAL_COMPLETE		143	1	143	PENDING
CHEBI:209807	1	6c4070fabcb27e89fa6e34519d19afa7c880af222d6f1287b1ce8259ba4e71e2	CURSOR_TRAVERSAL_COMPLETE		1920	2	1920	PENDING
CHEBI:3504	1	13bb18ed8f80bf0f6bfd4fca7afc0fdebd256388514b824577bbe609b8d17131	CURSOR_TRAVERSAL_COMPLETE		206	1	206	PENDING
CHEBI:3506	1	5a2efb350b3b9457cab8328592ac8c802c1c9f8f3de4d02c8cf0a427f7ff6b5b	CURSOR_TRAVERSAL_COMPLETE		181	1	181	PENDING
CHEBI:70729	1	0eea31b4627a3d4024685c1c8a3fc250dd5e4424006db5f6f3066d7c2c258275	CURSOR_TRAVERSAL_COMPLETE		463	1	463	PENDING
CHEBI:3508	1	ae80edabd4b195f87f549e230c07dcbdddf97c6608bab8f944c2a1d188b14162	CURSOR_TRAVERSAL_COMPLETE		267	1	267	PENDING
CHEBI:3510	1	6ae770b7dfb1fd1a3999f755f78bed1ea4249ec2e5696da2bb8e65f3ced1521e	CURSOR_TRAVERSAL_COMPLETE		101	1	101	PENDING
CHEBI:29007	1	870cc89b61271db49a3a7dd11f67d756262510a0a0b5f4929698c58b1c12238f	CURSOR_TRAVERSAL_COMPLETE		165	1	165	PENDING
CHEBI:3535	1	784102978845129139d92fac6860fca654435c9353d4cf37822fa410c69ded84	CURSOR_TRAVERSAL_COMPLETE		166	1	166	PENDING
CHEBI:554446	1	f1c1dc4a4d0f6faa7c1a5b103d715b24109517a4e7b2eaf1cb278b1c1cdfb970	CURSOR_TRAVERSAL_COMPLETE		271	1	271	PENDING
CHEBI:3547	1	9792f6c4d5d020c7c5b66c2abb9f212be69b15b0f19205d1b0edc20ad6e394f8	CURSOR_TRAVERSAL_COMPLETE		636	1	636	PENDING
CHEBI:17698	1	4c37c14aaf885c0da3b3c9e930825d525dfaf22845ac31fce95a566ae75bace3	CURSOR_TRAVERSAL_COMPLETE		420	1	420	PENDING
CHEBI:3614	1	ffb27d4c49f8fe6862383841df9f2bb0a6b1dbe9405361f6c87e63a2cd3899de	CURSOR_TRAVERSAL_COMPLETE		539	1	539	PENDING
CHEBI:3716	1	e7de6f1fb5e09050f156e4ace395df8f9a249235d52239969fc7f40d5889b0ca	CURSOR_TRAVERSAL_COMPLETE		386	1	386	PENDING
CHEBI:100241	1	1333d2aa33700d60624d7f90efe03b904bc2830433f9aa5d134e50721b0b3345	CURSOR_TRAVERSAL_COMPLETE		657	1	657	PENDING
CHEBI:3732	1	36b8cd9fcc88920672db2caf57350b37981668073b6db8947b6991702a97956e	CURSOR_TRAVERSAL_COMPLETE		366	1	366	PENDING
CHEBI:48947	1	6221a9e0c122ec65a83f2d6ae62c25eba19bd7d6314a52ebe50be4083f511e36	CURSOR_TRAVERSAL_COMPLETE		1719	2	1719	PENDING
CHEBI:59064	1	fb00b11428b7e7c822b7d874e27f04f9f12fcef8833c4066fdf3b2b7d3b4be84	CURSOR_TRAVERSAL_COMPLETE		4894	5	4894	PENDING
CHEBI:600103	1	fe31edfc7c313df7a7a00dc9e312f0ffe6505fefbaaca82067510f9c60375b37	CURSOR_TRAVERSAL_COMPLETE		845	1	845	PENDING
CHEBI:30805	1	77e5d28231220254272f953b683b66b7900b35d1c7a886f257d82c196e91ac16	CURSOR_TRAVERSAL_COMPLETE		2447	3	2447	PENDING
CHEBI:135928	1	698a562f3935cd22d33cf7f65e6cb26b7e2d6ea6920a490db60bf6f47c9d2b0c	CURSOR_TRAVERSAL_COMPLETE		132	1	132	PENDING
CHEBI:60648	1	26bbc6b01ffabbc0f47775c089e4d7de6d7472836a8e1ea3851464e96b954d5a	CURSOR_TRAVERSAL_COMPLETE		1426	2	1426	PENDING
CHEBI:35720	1	4b87eadf21a63aadc08657ea4d1cc3a3c6463589635833a95eccd2abf65480e9	CURSOR_TRAVERSAL_COMPLETE		745	1	745	PENDING
CHEBI:404903	1	aad59a40fe638e2c3898e469a7c0eb588327f85934308c9d8c0a879f758e75d4	CURSOR_TRAVERSAL_COMPLETE		747	1	747	PENDING
CHEBI:4917	1	295f74f977cdb7fb65754d3cd8c1e3f9afb25139c55df8eb0329c04f7c5f75b2	CURSOR_TRAVERSAL_COMPLETE		130	1	130	PENDING
CHEBI:28915	1	4415b7260fd52605beaa76b8ff813befe30b92ffc73356db38a35f7a1fbf6bcd	CURSOR_TRAVERSAL_COMPLETE		1491	2	1491	PENDING
CHEBI:7508	1	372d39d99e65774a60dd88e43bfb1522006dae6eede9d866e8b4874dbe18fbdd	CURSOR_TRAVERSAL_COMPLETE		2643	3	2643	PENDING
CHEBI:28418	1	017caad0415fdc96b8679afa8c30b5f3b47c67b191947bea4dab7f430e6d4a99	CURSOR_TRAVERSAL_COMPLETE		4769	5	4769	PENDING
CHEBI:16976	1	f05f27a565005f9f53f11a20ba8aa07305c03752c1b6504f6a4308b4ab65b3b6	CURSOR_TRAVERSAL_COMPLETE		642	1	642	PENDING
CHEBI:51799	1	f8f5eb7f1346d844633ae51f415857d9ad549ee95017789286ca892832d9b891	CURSOR_TRAVERSAL_COMPLETE		3651	4	3651	PENDING
CHEBI:471744	1	706c38e9ee72690cd64148a14674b29c11e209e239b5b2233a21aa9692b61f83	CURSOR_TRAVERSAL_COMPLETE		3882	4	3882	PENDING
antibioticmech:curator-fb7e3bd3f5	1	0a8450f647295e65d92e858fdac2bee7785130d312031d360b5e21321d3d6ca4	CURSOR_TRAVERSAL_COMPLETE		153	1	153	PENDING
CHEBI:17630	1	2e6eceb8cd9f698fa90dc8b9876b84b8e21a83ba7f6f7ffcfce54e61853ba334	CURSOR_TRAVERSAL_COMPLETE		4649	5	4649	PENDING
CHEBI:6472	1	7e8b3589179f26f623ed3d190978937d185c10e12206d9fce17cf9391ce7e598	CURSOR_TRAVERSAL_COMPLETE		504	1	504	PENDING
CHEBI:78509	1	5a5016d278b527c78ce679745934592c79993f20df35d7438a96b0dd07e0659c	CURSOR_TRAVERSAL_COMPLETE		833	1	833	PENDING
CHEBI:43968	1	f10d20ee0ae410875c1573ed608bc6af9f709fe06e7c0f506fd8f696b58bb254	CURSOR_TRAVERSAL_COMPLETE		1182	2	1182	PENDING
CHEBI:6827	1	2b1b71b87ce5d7f0895c73a705512e0aae11e6c96dc39eec1812a606f99c3618	CURSOR_TRAVERSAL_COMPLETE		342	1	342	PENDING
CHEBI:6909	1	4141918c912f269e0cd40befefacbf742016077cdf2c8ee28f3ae5055a1b2418	CURSOR_TRAVERSAL_COMPLETE		1260	2	1260	PENDING
CHEBI:50694	1	9632afb7bb1833a20071dfcf3881666161faa0cd1973f3beadb65346e41c620a	CURSOR_TRAVERSAL_COMPLETE		670	1	670	PENDING
CHEBI:63611	1	b0f30386d64923b2ed337c84f87fb4806eeb44a21172b82617a07de34cb1ba2d	CURSOR_TRAVERSAL_COMPLETE		1116	2	1116	PENDING
CHEBI:100147	1	b408ab4f0e364c972f85775f35a6352a87497aaf64565e200ea342923a247d71	CURSOR_TRAVERSAL_COMPLETE		2081	3	2081	PENDING
CHEBI:7489	1	15bfd0353f8b9f01af8f7e025c1433c204e3e14e994e32ed86ecfeb7138b2b1d	CURSOR_TRAVERSAL_COMPLETE		2662	3	2662	PENDING
CHEBI:7528	1	79a76e9d4b0b64666603316001d748e8b8c27592cb9c8dddfb0b6a5e7aa82519	CURSOR_TRAVERSAL_COMPLETE		150	1	150	PENDING
CHEBI:28368	1	40aae2337065ef742221ca15c52e448794caf523e94e6c8c01cadf1f0bce2e3b	CURSOR_TRAVERSAL_COMPLETE		452	1	452	PENDING
CHEBI:16196	1	2b4465277d3847c571f0f328935f5051af027f5cceae70ed2e6423d6546abec9	CURSOR_TRAVERSAL_COMPLETE		147	1	147	PENDING
CHEBI:7809	1	f28ef59ab3cdead4c99531cc86b00fae0c66091377e4d79dac6759cf82eb8364	CURSOR_TRAVERSAL_COMPLETE		1645	2	1645	PENDING
CHEBI:138856	1	f6e471b8c0183d9bf5e45ba56753b127d26223f1e8ff8ec857d0a916bd10949f	CURSOR_TRAVERSAL_COMPLETE		1006	2	1006	PENDING
CHEBI:15756	1	c48716b248f4ef1ad4f7e423788f9d66f33da314eb2b26ea472d600156a0024a	CURSOR_TRAVERSAL_COMPLETE		554	1	554	PENDING
CHEBI:8062	1	b5bca8cc58e3ab9ab40e7d10640fea1969860ba552432599aae35060fdd1c576	CURSOR_TRAVERSAL_COMPLETE		384	1	384	PENDING
CHEBI:27446	1	65c03a491d7e9e89dc523f85178b6588cc456e3bf2ed726fc2b3d929f750e327	CURSOR_TRAVERSAL_COMPLETE		4420	5	4420	PENDING
CHEBI:8232	1	553e31050866a4beb10f9ea1a20ce811882142d8706e97e4ab80652532b3d366	CURSOR_TRAVERSAL_COMPLETE		1308	2	1308	PENDING
CHEBI:59063	1	8f8700d7b2d69c4164c22e311e02e536fbeaf2440526889fe013929a3754849d	CURSOR_TRAVERSAL_COMPLETE		1057	2	1057	PENDING
CHEBI:8417	1	5a5bb2da2adb634d327508f2e2dab2c6491906e0f69c99d020bdaa8de453490e	CURSOR_TRAVERSAL_COMPLETE		509	1	509	PENDING
CHEBI:9997	1	3ab491eea4c1947fdf82a837eb106a79846d19b745fa237f6885e800320a7601	CURSOR_TRAVERSAL_COMPLETE		946	1	946	PENDING
CHEBI:32071	1	2957777409ee942a506b7338170fdf6e5967ac556fa673371f2011bf24ff1148	CURSOR_TRAVERSAL_COMPLETE		217	1	217	PENDING
CHEBI:17939	1	b8cac9b48c1ddc8f2df5f92fa28ca8d41ec7c5900e2ba9b20104c26b9e2c7950	CURSOR_TRAVERSAL_COMPLETE		480	1	480	PENDING
CHEBI:8653	1	91e4159d319e071d52431dabc6e2049a8e80adacc48f6975f5f75afda1bf4153	CURSOR_TRAVERSAL_COMPLETE		292	1	292	PENDING
CHEBI:16243	1	da44dd385a3108c677e8b5f98fd333b12007be188e2386b05e900e7e65f44b61	CURSOR_TRAVERSAL_COMPLETE		647	1	647	PENDING
CHEBI:45615	1	5a7097f54245f73fe7d8482ebbf9cc425a85ab071912c774881f44993b2fb0a0	CURSOR_TRAVERSAL_COMPLETE		868	1	868	PENDING
CHEBI:9168	1	69fd514b0e0c4f4210c9c1acf6e159e6c8cfbe45e8a22ef0ce64099d50ae29f9	CURSOR_TRAVERSAL_COMPLETE		2454	3	2454	PENDING
CHEBI:4304	1	d7d75b5e1a559eef1f870d46153d4facd48e579e093686524a2fe0730b211510	CURSOR_TRAVERSAL_COMPLETE		110	1	110	PENDING
CHEBI:29678	1	67c2c31d61e540dcc11bab9ef433928bc7e983aaeef27909b02e75da36b165e7	CURSOR_TRAVERSAL_COMPLETE		108	1	108	PENDING
CHEBI:9212	1	97cb8931cee26510f186416dd55dc30adc2eeda806e8fab7f362f0b234c59f7a	CURSOR_TRAVERSAL_COMPLETE		156	1	156	PENDING
CHEBI:85260	1	ecd4ae5697661ad95740fb3f57a6def755dabec267b3dc64873bf210ddb37d13	CURSOR_TRAVERSAL_COMPLETE		133	1	133	PENDING
CHEBI:17076	1	501a3a05d98ec95c1a5d4a578cda433d90bc99d5622f9f462da8eaec035ef71b	CURSOR_TRAVERSAL_COMPLETE		5592	6	5592	PENDING
CHEBI:9329	1	b54c5193949a3f43522bd01594affeaa71cf90fb6df8952f2a3dfcd399816ebb	CURSOR_TRAVERSAL_COMPLETE		955	1	955	PENDING
CHEBI:9332	1	b7019fa697df623620d7a2c2bbfd4559c6a88d9c3edf4bfab8927bf1f7758b61	CURSOR_TRAVERSAL_COMPLETE		3403	4	3403	PENDING
CHEBI:45373	1	c1c165f318558c5eed46a0eea059552018c061f3c85a385d7ccac2632ce76d0e	CURSOR_TRAVERSAL_COMPLETE		4398	5	4398	PENDING
CHEBI:77932	1	f8968f712d3c3080cadee4f24481cd51165a29e36c58905b5ceffe7c9229a445	CURSOR_TRAVERSAL_COMPLETE		10724	11	10724	PENDING
CHEBI:29693	1	d9705ef2f2f71e2a67a087f95354f1d63da79f2fe2db5415aad73ad68850e477	CURSOR_TRAVERSAL_COMPLETE		184	1	184	PENDING
CHEBI:28864	1	d4927d1a7b6c6dab490570c218716c984f0d46c82287a8d8141cdd1207ab132c	CURSOR_TRAVERSAL_COMPLETE		1058	2	1058	PENDING
CHEBI:164200	1	00f2693c7409a6a4d3fea6e94fe3e9bc77dbb7ebbec7b13f0b5b391b6a57c03d	CURSOR_TRAVERSAL_COMPLETE		338	1	338	PENDING
CHEBI:45924	1	084ce1248167eac56171c003ff369e52d4bd7d5eea4cab57a33f8a2833f0dc8f	CURSOR_TRAVERSAL_COMPLETE		4540	5	4540	PENDING
CHEBI:17658	1	18d52677ee1d70bb4d8bb94e3eb1804cb2bd1690ba0d25ee84033fb56c8b726c	CURSOR_TRAVERSAL_COMPLETE		322	1	322	PENDING
CHEBI:28001	1	9eddd40beb96794d696a51d0f068d32d3b68ba1d5e3fcac14835f06c2678ea7e	CURSOR_TRAVERSAL_COMPLETE		5851	6	5851	PENDING
CHEBI:2637	2	e9fead615200a34f5f1d734f0001fd3a4e7eefb7ff2e30c13fc492b35429c38d	CURSOR_TRAVERSAL_COMPLETE		2504	3	2504	PENDING
CHEBI:28971	2	4fbd581e2185d90a43d6aaf55bcd315d12010eee52b0bbfee83dd0ea275e6525	CURSOR_TRAVERSAL_COMPLETE		6618	7	6618	PENDING
CHEBI:18208	2	f549401cd143050e7407689f9712488ba8bf0d1d5ccce55619d92c8ed236c7b6	CURSOR_TRAVERSAL_COMPLETE		242	1	242	PENDING
CHEBI:478164	2	c0c078e8f838b8c70ce8bc6a74a7105628a28b08b8981466bb344030f22a5cc7	CURSOR_TRAVERSAL_COMPLETE		1207	2	1207	PENDING
CHEBI:140376	2	120e48c3801ebcc12f90b6c37c441af7726b9d8cfa02579ae5d394b6b135ac35	CURSOR_TRAVERSAL_COMPLETE		523	1	523	PENDING
CHEBI:3493	2	3299a7a6b350b6c8b3f4b9fd9e17e8c426861a8acaea4490b2be76906378457a	CURSOR_TRAVERSAL_COMPLETE		301	1	301	PENDING
CHEBI:3515	2	048cd0f19880134dd8d3dc2c7257bddb8a33cc1227765b8877a95c1e79dfca1a	CURSOR_TRAVERSAL_COMPLETE		482	1	482	PENDING
CHEBI:27644	2	26907b0ea3f853b3245b8390b196dd159767d638f7fb8cf4a0bcab5b9b256957	CURSOR_TRAVERSAL_COMPLETE		165	1	165	PENDING
CHEBI:100241	2	79a5fb4614b0f8d408a76b7436e0373f12892b92255bfe35a87d8791534abf72	CURSOR_TRAVERSAL_COMPLETE		7683	8	7683	PENDING
CHEBI:3745	2	d4f1081a57bfda28de38cc88c1cd550672f24c285e13f8be1a0214dd568c0dfc	CURSOR_TRAVERSAL_COMPLETE		2300	3	2300	PENDING
CHEBI:49566	2	3f82e3112811c2424a0a40ac712c117287411d1362718560fb6bf702c36379b2	CURSOR_TRAVERSAL_COMPLETE		170	1	170	PENDING
CHEBI:46577	2	31ec320167721eb474e15c49bcdb2b9d10f005a03f46f03831d4c9dc61d24fb4	CURSOR_TRAVERSAL_COMPLETE		950	1	950	PENDING
CHEBI:42355	2	327962d65534396609b95cb49a1f99a73c2b9cd59c8141709b4469a2464591bf	CURSOR_TRAVERSAL_COMPLETE		5516	6	5516	PENDING
CHEBI:87185	2	22a5a8bff0b0978f612cbe797871303cde4a75f29881f1d21335a4a907ee7d6e	CURSOR_TRAVERSAL_COMPLETE		756	1	756	PENDING
CHEBI:30751	2	47c30d1296bc471c38e646f0c8d7b1af6de9b56bd14164c0a673e32ee45f1f3e	CURSOR_TRAVERSAL_COMPLETE		105	1	105	PENDING
CHEBI:5195	2	17e68f32dd08535355dbbec5d180678ee60074cfd09738fb0761a01a34db39fd	CURSOR_TRAVERSAL_COMPLETE		133	1	133	PENDING
CHEBI:29013	2	34b741e35246e2b1621179c7297e48a4d9a341f93f66ea45910f2431a0190825	CURSOR_TRAVERSAL_COMPLETE		486	1	486	PENDING
CHEBI:28499	2	e890a7b121894d1ad42b8c90945a27befa93be4890cc03bbfda5d48eab655ff2	CURSOR_TRAVERSAL_COMPLETE		242	1	242	PENDING
CHEBI:17630	2	4bfabe72535166c3431bd9f35049ebf8e273bebf81d87a2d3fab69b2e3a04a58	CURSOR_TRAVERSAL_COMPLETE		4659	5	4659	PENDING
CHEBI:63598	2	ce3012affbba6f6b199f1708e057b27bb4943f1191539986499d40b9b3fb07e5	CURSOR_TRAVERSAL_COMPLETE		952	1	952	PENDING
CHEBI:63607	2	f4465f4d0a8338c22e31d4baa05e6709f2269f60b683c685ea85ad64c00ea346	CURSOR_TRAVERSAL_COMPLETE		1957	2	1957	PENDING
CHEBI:43968	2	f09a2885a2ad80a83728c65d53249239506a5047ec3bee4a8ac01b4f05ee3a31	CURSOR_TRAVERSAL_COMPLETE		3217	4	3217	PENDING
CHEBI:6827	2	c668d593cd902cb4de2cb2804a46bd0066f628f8bb935f1b6393b2e7771f5713	CURSOR_TRAVERSAL_COMPLETE	P_PDATE_D desc	9836	10	9836	PENDING
CHEBI:7528	2	e78380b4cda23801e805ec07d280a78b20b81e283ad0df9f26150fc1e337799d	CURSOR_TRAVERSAL_COMPLETE		149	1	149	PENDING
CHEBI:9168	2	d118509b0b7d48f99dfdc6b08e8fa4c70dc71338125b4eca57628735b268b9ec	CURSOR_TRAVERSAL_COMPLETE		2374	3	2374	PENDING
CHEBI:85260	2	407f1b6ba7cf237692ff56ab1234abb58f2868dc05dc27e0c85b35c6efc44387	CURSOR_TRAVERSAL_COMPLETE		132	1	132	PENDING
CHEBI:17076	2	f98ef17c1a03306653e7ab92f58e13019842bfdbcdfe779d4bcbb0e2d1265efc	CURSOR_TRAVERSAL_COMPLETE		4778	5	4778	PENDING
CHEBI:60821	2	69ae7a6248a7333e86b254ca1e688387d28710a91e06b665e7aff8893acd8eb9	CURSOR_TRAVERSAL_COMPLETE		235	1	235	PENDING
CHEBI:29693	2	a1a2384a5945fb96a272463da848e51dfca35ed6994b6e1f5ba7f9195f370a24	CURSOR_TRAVERSAL_COMPLETE		182	1	182	PENDING
CHEBI:17658	2	64ed01dd909c4220fa5cfed3c97a6302c06c093b829897d8fd188ba3679fe73a	CURSOR_TRAVERSAL_COMPLETE		322	1	322	PENDING
CHEBI:2676	3	49ea713c28dba0e3cf59c1f6fd538bedf0a6074fe0c617212a30612fc998d612	CURSOR_TRAVERSAL_COMPLETE		2672	3	2672	PENDING
CHEBI:124991	3	29f88a20829af515d85e00ebcfda54ee2b3f6d6bac52c9481a8bf19d69d67ace	CURSOR_TRAVERSAL_COMPLETE		437	1	437	PENDING
CHEBI:3732	3	46ee2ddc77b1aa91831f47a551cf7fe3b00309ea49833a03adf6f62b29c70db4	CURSOR_TRAVERSAL_COMPLETE		1523	2	1523	PENDING
CHEBI:50845	3	2199403a2b9470294d9afb2a23a35c42d827653e6478cb9097ae421ffa18fab4	CURSOR_TRAVERSAL_COMPLETE		1426	2	1426	PENDING
CHEBI:42355	3	d2eba8a8b28e2a72e382f97bce72fbff4d05a74566ba32e537db51121c6f7aa8	CURSOR_TRAVERSAL_COMPLETE		5519	6	5519	PENDING
CHEBI:63598	3	4f6caeff20ae315738a78116e4e199a27d24ca0fea63e3dc812352e11d070243	CURSOR_TRAVERSAL_COMPLETE		950	1	950	PENDING
CHEBI:6472	3	f98d2d28d9ff30fc3d07dee6709663e35c7f6dcd9817802ef8b3882e809d21dc	CURSOR_TRAVERSAL_COMPLETE		503	1	503	PENDING
CHEBI:27902	3	e01132c3fd583418aa6cb839d8b20c245b5afeef786c93e3c6b960e013a2925d	CURSOR_TRAVERSAL_COMPLETE		10724	11	10724	PENDING
CHEBI:2676	4	f8320d9329d0d59f5401ecbd2eabfb2ac79cc3c37e54dc0218595fd46da52819	CURSOR_TRAVERSAL_COMPLETE		106	1	106	PENDING
CHEBI:3732	4	c494d3d81cedb599e5a2cb2823bde7a1bf168f654c176ad58a89ccecb5264cc5	CURSOR_TRAVERSAL_COMPLETE		1523	2	1523	PENDING
CHEBI:42355	4	37de35e36744f7adfbca04fb8ef88de3e38425a6b60ff6f1c2e9139a70c8d4ad	CURSOR_TRAVERSAL_COMPLETE		5516	6	5516	PENDING
CHEBI:7934	4	85d1303c037641dd180fcc804a8f89ec58cc1f5f24eb2ce0da158f76874b7293	CURSOR_TRAVERSAL_COMPLETE		237	1	237	PENDING
CHEBI:27902	4	3e8d8a1ae615c821f009c1ea9164da43542548ce30d651076fe5058357cac50c	CURSOR_TRAVERSAL_COMPLETE		10725	11	10725	PENDING
CHEBI:17698	5	18178988be937de27b4ca216db8d87dd8b530b092917fe27af6c843163d1f7d5	CURSOR_TRAVERSAL_COMPLETE		5403	6	5403	PENDING
CHEBI:17698	6	94c7ffca8c7375b9e779dbbaea5e8381b5b4f1446a33a4645b993b6d7233ea40	CURSOR_TRAVERSAL_COMPLETE		5403	6	5403	PENDING
