source_version	source_record_id	source_name	hivdb_name	drug_class	mapping_status	identifier	standard_inchi_key	mapping_basis	notes
be1c11a5145fea9073fdb71801919d4a34265336	ABC	abacavir	ABC	NRTI	EXACT	CHEBI:421707	MCGSCOLBFJQGHM-SCZZXKLOSA-N	exact_full_name	HIVDB fullName exactly names the abacavir corpus record.
be1c11a5145fea9073fdb71801919d4a34265336	AZT	zidovudine	AZT	NRTI	EXACT	CHEBI:10110	HBOMLICNUCNMMY-XLPZGREQSA-N	exact_full_name	HIVDB fullName names zidovudine; the AZT abbreviation also collides with aztreonam and is ignored.
be1c11a5145fea9073fdb71801919d4a34265336	D4T	stavudine	D4T	NRTI	EXACT	CHEBI:63581	XNKLLVCARDGLGL-JGVFFNPUSA-N	exact_full_name	HIVDB fullName exactly names the stavudine corpus record.
be1c11a5145fea9073fdb71801919d4a34265336	DDI	didanosine	DDI	NRTI	EXACT	CHEBI:490877	BXZVVICBKDXVGW-NKWVEPMBSA-N	exact_full_name	HIVDB fullName exactly names the didanosine corpus record.
be1c11a5145fea9073fdb71801919d4a34265336	FTC	emtricitabine	FTC	NRTI	EXACT	CHEBI:31536	XQSPYNMVSIKCOC-NTSWFWBYSA-N	exact_full_name	HIVDB fullName exactly names the emtricitabine corpus record.
be1c11a5145fea9073fdb71801919d4a34265336	3TC	lamivudine	LMV	NRTI	EXACT	CHEBI:63577	JTEGQNOMFQHVDC-NKWVEPMBSA-N	exact_full_name	HIVDB fullName exactly names the lamivudine corpus record.
be1c11a5145fea9073fdb71801919d4a34265336	TDF	tenofovir	TDF	NRTI	AMBIGUOUS_IDENTITY			none	HIVDB fullName says tenofovir but displayAbbr says TDF; the corpus has tenofovir anhydrous, hydrate, anion, and disoproxil fumarate structures.
be1c11a5145fea9073fdb71801919d4a34265336	ISL	islatravir	ISL	NRTI	MISSING_CORPUS_RECORD			none	No exact islatravir corpus record exists for this HIVDB fullName.
be1c11a5145fea9073fdb71801919d4a34265336	ATV/r	atazanavir/r	ATV	PI	COMBINATION			ritonavir_boosted	Ritonavir-boosted atazanavir; HIVDB does not name one exact corpus structure.
be1c11a5145fea9073fdb71801919d4a34265336	DRV/r	darunavir/r	DRV	PI	COMBINATION			ritonavir_boosted	Ritonavir-boosted darunavir; HIVDB does not name one exact corpus structure.
be1c11a5145fea9073fdb71801919d4a34265336	FPV/r	fosamprenavir/r	FPV	PI	COMBINATION			ritonavir_boosted	Ritonavir-boosted fosamprenavir; HIVDB does not name one exact corpus structure.
be1c11a5145fea9073fdb71801919d4a34265336	IDV/r	indinavir/r	IDV	PI	COMBINATION			ritonavir_boosted	Ritonavir-boosted indinavir; HIVDB does not name one exact corpus structure.
be1c11a5145fea9073fdb71801919d4a34265336	LPV/r	lopinavir/r	LPV	PI	COMBINATION			ritonavir_boosted	Ritonavir-boosted lopinavir; HIVDB does not name one exact corpus structure.
be1c11a5145fea9073fdb71801919d4a34265336	NFV	nelfinavir	NFV	PI	EXACT	CHEBI:7496	QAGYKUNXZHXKMR-HKWSIXNMSA-N	exact_full_name	HIVDB fullName exactly names the nelfinavir corpus record.
be1c11a5145fea9073fdb71801919d4a34265336	SQV/r	saquinavir/r	SQV	PI	COMBINATION			ritonavir_boosted	Ritonavir-boosted saquinavir; HIVDB does not name one exact corpus structure.
be1c11a5145fea9073fdb71801919d4a34265336	TPV/r	tipranavir/r	TPV	PI	COMBINATION			ritonavir_boosted	Ritonavir-boosted tipranavir; HIVDB does not name one exact corpus structure.
be1c11a5145fea9073fdb71801919d4a34265336	DOR	doravirine	DOR	NNRTI	MISSING_CORPUS_RECORD			none	HIVDB DOR is doravirine; the DOR corpus synonym names doripenem and must not be used.
be1c11a5145fea9073fdb71801919d4a34265336	EFV	efavirenz	EFV	NNRTI	EXACT	CHEBI:119486	XPOQHMRABVBWPR-ZDUSSCGKSA-N	exact_full_name	HIVDB fullName exactly names the efavirenz corpus record.
be1c11a5145fea9073fdb71801919d4a34265336	ETR	etravirine	ETR	NNRTI	EXACT	CHEBI:63589	PYGWGZALEOIKDF-UHFFFAOYSA-N	exact_full_name	HIVDB fullName exactly names the etravirine corpus record.
be1c11a5145fea9073fdb71801919d4a34265336	NVP	nevirapine	NVP	NNRTI	EXACT	CHEBI:63613	NQDJXKOVJZTUJA-UHFFFAOYSA-N	exact_full_name	HIVDB fullName exactly names the nevirapine corpus record.
be1c11a5145fea9073fdb71801919d4a34265336	RPV	rilpivirine	RPV	NNRTI	EXACT	CHEBI:68606	YIBOMRUWOWDFLG-ONEGZZNKSA-N	exact_full_name	HIVDB fullName exactly names the rilpivirine corpus record.
be1c11a5145fea9073fdb71801919d4a34265336	DPV	dapivirine	DPV	NNRTI	MISSING_CORPUS_RECORD			none	No exact dapivirine corpus record exists for this HIVDB fullName.
be1c11a5145fea9073fdb71801919d4a34265336	BIC	bictegravir	BIC	INSTI	EXACT	CHEBI:172943	SOLUWJRYJLAZCX-LYOVBCGYSA-N	exact_full_name	HIVDB fullName exactly names the bictegravir corpus record.
be1c11a5145fea9073fdb71801919d4a34265336	CAB	cabotegravir	CAB	INSTI	EXACT	CHEBI:172944	WCWSTNLSLKSJPK-LKFCYVNXSA-N	exact_full_name	HIVDB fullName exactly names the cabotegravir corpus record.
be1c11a5145fea9073fdb71801919d4a34265336	DTG	dolutegravir	DTG	INSTI	EXACT	CHEBI:76010	RHWKPHLQXYSBKR-BMIGLBTASA-N	exact_full_name	HIVDB fullName exactly names the dolutegravir corpus record.
be1c11a5145fea9073fdb71801919d4a34265336	EVG	elvitegravir	EVG	INSTI	EXACT	CHEBI:72289	JUZYLCPPVHEVSV-LJQANCHMSA-N	exact_full_name	HIVDB fullName exactly names the elvitegravir corpus record.
be1c11a5145fea9073fdb71801919d4a34265336	RAL	raltegravir	RAL	INSTI	EXACT	CHEBI:82960	CZFFBEXEKNGXKS-UHFFFAOYSA-N	exact_full_name	HIVDB fullName exactly names the raltegravir corpus record.
be1c11a5145fea9073fdb71801919d4a34265336	LEN	lenacapavir	LEN	CAI	MISSING_CORPUS_RECORD			none	No exact lenacapavir corpus record exists for this HIVDB fullName.
