target_id	target_name	target_definition	antibiotic_id	antibiotic_name
ARO:3000755	antibiotic sensitive 16S rRNA	The 16S rRNA of the 30S ribosomal subunit helps to stabilize the aminoacyl-tRNAs for pairing with the mRNA codons. Some antibiotics (aminoglycosides) that target the 16S rRNA lead to mRNA misreading as well as premature termination. Other antibiotics (tetracyclines) that target the 16S rRNA prevent incoming charged-tRNAs from binding to the ribosome's A-site, stopping elongation.	ARO:0000003	astromicin
ARO:3000755	antibiotic sensitive 16S rRNA	The 16S rRNA of the 30S ribosomal subunit helps to stabilize the aminoacyl-tRNAs for pairing with the mRNA codons. Some antibiotics (aminoglycosides) that target the 16S rRNA lead to mRNA misreading as well as premature termination. Other antibiotics (tetracyclines) that target the 16S rRNA prevent incoming charged-tRNAs from binding to the ribosome's A-site, stopping elongation.	ARO:0000005	neomycin
ARO:3000757	50S ribosomal subunit P-site	The P-site of the ribosome binds the peptidyl-tRNA with the growing polypeptide chain, and is a common target for many antibiotics that inhibit the 50S ribosomal subunit. Some antibiotics (oxazolidinones) block the 50S subunit from interacting with the 30S subunit to prevent the formation of the ribosomal complex. Other antibiotics (thiostrepton) block the 50S subunit from interacting with elongation factors G and Tu (EF-G, Ef-Tu), preventing GTP-dependent reactions of peptidyl transferase, and translocation, respectively. Other antibiotics (macrolides) prevent protein translocation.	ARO:0000006	erythromycin
ARO:3000755	antibiotic sensitive 16S rRNA	The 16S rRNA of the 30S ribosomal subunit helps to stabilize the aminoacyl-tRNAs for pairing with the mRNA codons. Some antibiotics (aminoglycosides) that target the 16S rRNA lead to mRNA misreading as well as premature termination. Other antibiotics (tetracyclines) that target the 16S rRNA prevent incoming charged-tRNAs from binding to the ribosome's A-site, stopping elongation.	ARO:0000007	dibekacin
ARO:3000749	beta-lactam sensitive penicillin-binding protein	Penicillin-binding proteins (PBPs) are responsible for transpeptidation, joining subunits to form peptidoglycan. They are numbered according to descending molecular weight, and may vary between species. These numbers represent the PBPs of E. coli. Inhibition of the larger PBPs responsible for transpeptidation (1-3) are lethal. Smaller PBPs (4-6) are involed in carboxypeptidation; inhibition of these is non-lethal.	ARO:0000008	cefoxitin
ARO:3000749	beta-lactam sensitive penicillin-binding protein	Penicillin-binding proteins (PBPs) are responsible for transpeptidation, joining subunits to form peptidoglycan. They are numbered according to descending molecular weight, and may vary between species. These numbers represent the PBPs of E. coli. Inhibition of the larger PBPs responsible for transpeptidation (1-3) are lethal. Smaller PBPs (4-6) are involed in carboxypeptidation; inhibition of these is non-lethal.	ARO:0000011	cloxacillin
ARO:3000755	antibiotic sensitive 16S rRNA	The 16S rRNA of the 30S ribosomal subunit helps to stabilize the aminoacyl-tRNAs for pairing with the mRNA codons. Some antibiotics (aminoglycosides) that target the 16S rRNA lead to mRNA misreading as well as premature termination. Other antibiotics (tetracyclines) that target the 16S rRNA prevent incoming charged-tRNAs from binding to the ribosome's A-site, stopping elongation.	ARO:0000012	streptothricin
ARO:3000755	antibiotic sensitive 16S rRNA	The 16S rRNA of the 30S ribosomal subunit helps to stabilize the aminoacyl-tRNAs for pairing with the mRNA codons. Some antibiotics (aminoglycosides) that target the 16S rRNA lead to mRNA misreading as well as premature termination. Other antibiotics (tetracyclines) that target the 16S rRNA prevent incoming charged-tRNAs from binding to the ribosome's A-site, stopping elongation.	ARO:0000013	amikacin
ARO:3000755	antibiotic sensitive 16S rRNA	The 16S rRNA of the 30S ribosomal subunit helps to stabilize the aminoacyl-tRNAs for pairing with the mRNA codons. Some antibiotics (aminoglycosides) that target the 16S rRNA lead to mRNA misreading as well as premature termination. Other antibiotics (tetracyclines) that target the 16S rRNA prevent incoming charged-tRNAs from binding to the ribosome's A-site, stopping elongation.	ARO:0000014	gentamicin C
ARO:3000749	beta-lactam sensitive penicillin-binding protein	Penicillin-binding proteins (PBPs) are responsible for transpeptidation, joining subunits to form peptidoglycan. They are numbered according to descending molecular weight, and may vary between species. These numbers represent the PBPs of E. coli. Inhibition of the larger PBPs responsible for transpeptidation (1-3) are lethal. Smaller PBPs (4-6) are involed in carboxypeptidation; inhibition of these is non-lethal.	ARO:0000015	methicillin
ARO:3000729	ribosomal complex	The ribosomal complex can be targeted by antibiotics that stabilize the entire complex and prevent further translation. These antibiotics target both subunits in the process of protein translation.	ARO:0000018	viomycin
ARO:3000739	RNA guanosine binding site	RNA intron self-splicing action can be inhibited by antibiotics that target a G-binding site to compete with the guanosine cofactor.	ARO:0000018	viomycin
ARO:3000755	antibiotic sensitive 16S rRNA	The 16S rRNA of the 30S ribosomal subunit helps to stabilize the aminoacyl-tRNAs for pairing with the mRNA codons. Some antibiotics (aminoglycosides) that target the 16S rRNA lead to mRNA misreading as well as premature termination. Other antibiotics (tetracyclines) that target the 16S rRNA prevent incoming charged-tRNAs from binding to the ribosome's A-site, stopping elongation.	ARO:0000021	ribostamycin
ARO:3000733	fluoroquinolone sensitive gyrA	DNA gyrase is responsible for DNA supercoiling and consists of two alpha and two beta subunits. Binding the alpha-subunit is sufficient to inhibit DNA supercoiling.	ARO:0000023	enoxacin
ARO:3000755	antibiotic sensitive 16S rRNA	The 16S rRNA of the 30S ribosomal subunit helps to stabilize the aminoacyl-tRNAs for pairing with the mRNA codons. Some antibiotics (aminoglycosides) that target the 16S rRNA lead to mRNA misreading as well as premature termination. Other antibiotics (tetracyclines) that target the 16S rRNA prevent incoming charged-tRNAs from binding to the ribosome's A-site, stopping elongation.	ARO:0000024	butirosin
ARO:3000724	fosfomycin sensitive pyruvyl transferase (murA)	Pyruvyl transferase is responsible for the conversion of N-acetylglucosamine (NAG) to N-acetylmuramic acid (NAMA). NAMA is a part of the macromolecular backbone of peptidoglycans. Pyruvyl transferase is found in both Gram-positive and Gram-negative bacteria.	ARO:0000025	fosfomycin
ARO:3000757	50S ribosomal subunit P-site	The P-site of the ribosome binds the peptidyl-tRNA with the growing polypeptide chain, and is a common target for many antibiotics that inhibit the 50S ribosomal subunit. Some antibiotics (oxazolidinones) block the 50S subunit from interacting with the 30S subunit to prevent the formation of the ribosomal complex. Other antibiotics (thiostrepton) block the 50S subunit from interacting with elongation factors G and Tu (EF-G, Ef-Tu), preventing GTP-dependent reactions of peptidyl transferase, and translocation, respectively. Other antibiotics (macrolides) prevent protein translocation.	ARO:0000027	roxithromycin
ARO:3000720	acyl-D-alanyl-D-alanine	The acyl-D-alanyl-D-alanine group is found at the terminal end of the pentapeptide chains of peptidoglycan subunits. Antibiotics that bind to this group block the addition of subunits, inhibiting peptidoglycan synthesis. This group is most accessible in Gram-postive bacteria.	ARO:0000028	vancomycin
ARO:3000720	acyl-D-alanyl-D-alanine	The acyl-D-alanyl-D-alanine group is found at the terminal end of the pentapeptide chains of peptidoglycan subunits. Antibiotics that bind to this group block the addition of subunits, inhibiting peptidoglycan synthesis. This group is most accessible in Gram-postive bacteria.	ARO:0000029	teicoplanin
ARO:3000755	antibiotic sensitive 16S rRNA	The 16S rRNA of the 30S ribosomal subunit helps to stabilize the aminoacyl-tRNAs for pairing with the mRNA codons. Some antibiotics (aminoglycosides) that target the 16S rRNA lead to mRNA misreading as well as premature termination. Other antibiotics (tetracyclines) that target the 16S rRNA prevent incoming charged-tRNAs from binding to the ribosome's A-site, stopping elongation.	ARO:0000030	tigecycline
ARO:3000755	antibiotic sensitive 16S rRNA	The 16S rRNA of the 30S ribosomal subunit helps to stabilize the aminoacyl-tRNAs for pairing with the mRNA codons. Some antibiotics (aminoglycosides) that target the 16S rRNA lead to mRNA misreading as well as premature termination. Other antibiotics (tetracyclines) that target the 16S rRNA prevent incoming charged-tRNAs from binding to the ribosome's A-site, stopping elongation.	ARO:0000035	sisomicin
ARO:3000733	fluoroquinolone sensitive gyrA	DNA gyrase is responsible for DNA supercoiling and consists of two alpha and two beta subunits. Binding the alpha-subunit is sufficient to inhibit DNA supercoiling.	ARO:0000036	ciprofloxacin
ARO:3000735	Fluoroquinolone sensitive parC	parC is a subunit of the DNA topoisomerase IV and is sensitive to fluoroquinolone.	ARO:0000036	ciprofloxacin
ARO:3003261	fluoroquinolone sensitive gyrB	Beta-subunit of DNA gyrase sensitive to inhibition by fluoroquinolones.	ARO:0000036	ciprofloxacin
ARO:3000755	antibiotic sensitive 16S rRNA	The 16S rRNA of the 30S ribosomal subunit helps to stabilize the aminoacyl-tRNAs for pairing with the mRNA codons. Some antibiotics (aminoglycosides) that target the 16S rRNA lead to mRNA misreading as well as premature termination. Other antibiotics (tetracyclines) that target the 16S rRNA prevent incoming charged-tRNAs from binding to the ribosome's A-site, stopping elongation.	ARO:0000037	apramycin
ARO:3000755	antibiotic sensitive 16S rRNA	The 16S rRNA of the 30S ribosomal subunit helps to stabilize the aminoacyl-tRNAs for pairing with the mRNA codons. Some antibiotics (aminoglycosides) that target the 16S rRNA lead to mRNA misreading as well as premature termination. Other antibiotics (tetracyclines) that target the 16S rRNA prevent incoming charged-tRNAs from binding to the ribosome's A-site, stopping elongation.	ARO:0000038	netilmicin
ARO:3000755	antibiotic sensitive 16S rRNA	The 16S rRNA of the 30S ribosomal subunit helps to stabilize the aminoacyl-tRNAs for pairing with the mRNA codons. Some antibiotics (aminoglycosides) that target the 16S rRNA lead to mRNA misreading as well as premature termination. Other antibiotics (tetracyclines) that target the 16S rRNA prevent incoming charged-tRNAs from binding to the ribosome's A-site, stopping elongation.	ARO:0000039	spectinomycin
ARO:3000755	antibiotic sensitive 16S rRNA	The 16S rRNA of the 30S ribosomal subunit helps to stabilize the aminoacyl-tRNAs for pairing with the mRNA codons. Some antibiotics (aminoglycosides) that target the 16S rRNA lead to mRNA misreading as well as premature termination. Other antibiotics (tetracyclines) that target the 16S rRNA prevent incoming charged-tRNAs from binding to the ribosome's A-site, stopping elongation.	ARO:0000040	streptomycin
ARO:3003431	antibiotic sensitive Ribosomal protein S12 (rpsL)	Ribosomal protein S12 stabilizes the highly conserved pseudoknot structure formed by 16S rRNA. It is targeted and inhibited by streptomycin.	ARO:0000040	streptomycin
ARO:3000719	bacitracin sensitive isoprenyl pyrophosphate	Isoprepnyl pyrophosphate removes a phosphate group that is added from the peptidoglycan subunit to permit its transfer across the cell membrane. The phosphate group must be removed before its incorporation into peptidoglycan macromolecules.	ARO:0000041	bacitracin
ARO:3003251	undecaprenyl pyrophosphate	Undecaprenyl pyrophosphate is a precursor to a cell wall polymer carrier. It's activation requires a phosphatase.	ARO:0000041	bacitracin
ARO:3000749	beta-lactam sensitive penicillin-binding protein	Penicillin-binding proteins (PBPs) are responsible for transpeptidation, joining subunits to form peptidoglycan. They are numbered according to descending molecular weight, and may vary between species. These numbers represent the PBPs of E. coli. Inhibition of the larger PBPs responsible for transpeptidation (1-3) are lethal. Smaller PBPs (4-6) are involed in carboxypeptidation; inhibition of these is non-lethal.	ARO:0000043	carbenicillin
ARO:3000754	antibiotic sensitive peptidyl transferase (23S rRNA)	The bacterial 23S rRNA, at the P site of the 50S subunit, has peptidyl transferase activity and is responsible for peptide synthesis and elongation.	ARO:0000046	lincomycin
ARO:3000756	30S ribosomal subunit P-site	The P-site of the ribosome binds the peptidyl-tRNA with the growing polypeptide chain. Antibiotics that target the P-site block fMet-tRNA from entering, thus inhibiting peptide elongation.	ARO:0000047	puromycin
ARO:3000755	antibiotic sensitive 16S rRNA	The 16S rRNA of the 30S ribosomal subunit helps to stabilize the aminoacyl-tRNAs for pairing with the mRNA codons. Some antibiotics (aminoglycosides) that target the 16S rRNA lead to mRNA misreading as well as premature termination. Other antibiotics (tetracyclines) that target the 16S rRNA prevent incoming charged-tRNAs from binding to the ribosome's A-site, stopping elongation.	ARO:0000049	kanamycin A
ARO:3000755	antibiotic sensitive 16S rRNA	The 16S rRNA of the 30S ribosomal subunit helps to stabilize the aminoacyl-tRNAs for pairing with the mRNA codons. Some antibiotics (aminoglycosides) that target the 16S rRNA lead to mRNA misreading as well as premature termination. Other antibiotics (tetracyclines) that target the 16S rRNA prevent incoming charged-tRNAs from binding to the ribosome's A-site, stopping elongation.	ARO:0000051	tetracycline
ARO:3000755	antibiotic sensitive 16S rRNA	The 16S rRNA of the 30S ribosomal subunit helps to stabilize the aminoacyl-tRNAs for pairing with the mRNA codons. Some antibiotics (aminoglycosides) that target the 16S rRNA lead to mRNA misreading as well as premature termination. Other antibiotics (tetracyclines) that target the 16S rRNA prevent incoming charged-tRNAs from binding to the ribosome's A-site, stopping elongation.	ARO:0000052	tobramycin
ARO:3000738	deoxyribonucleic acid	Antibiotics can target DNA to cause strand breaks or prevent transcription. The activity of these antibiotics can be context dependent: some antibiotics are converted to an active form only in certain species, while others target DNA as it is being transcribed.	ARO:0000053	bleomycin
ARO:3000740	ribonucleic acid	Many types of ribonucleic acids (RNAs) are targeted by antibiotics, including mRNA templates and ribosomal RNA. Some antibiotics target all RNAs and cause strand breaks.	ARO:0000053	bleomycin
ARO:3000736	rho transcription terminator factor	The rho transcription terminator factor moves along RNA as it is transcribed, unwinding the RNA from the DNA. It is also responsible for recognizing transcription termination pause sites, slowing down RNA polymerase and allowing mRNA to be released.	ARO:0000055	bicyclomycin
ARO:3000749	beta-lactam sensitive penicillin-binding protein	Penicillin-binding proteins (PBPs) are responsible for transpeptidation, joining subunits to form peptidoglycan. They are numbered according to descending molecular weight, and may vary between species. These numbers represent the PBPs of E. coli. Inhibition of the larger PBPs responsible for transpeptidation (1-3) are lethal. Smaller PBPs (4-6) are involed in carboxypeptidation; inhibition of these is non-lethal.	ARO:0000056	oxacillin
ARO:3000757	50S ribosomal subunit P-site	The P-site of the ribosome binds the peptidyl-tRNA with the growing polypeptide chain, and is a common target for many antibiotics that inhibit the 50S ribosomal subunit. Some antibiotics (oxazolidinones) block the 50S subunit from interacting with the 30S subunit to prevent the formation of the ribosomal complex. Other antibiotics (thiostrepton) block the 50S subunit from interacting with elongation factors G and Tu (EF-G, Ef-Tu), preventing GTP-dependent reactions of peptidyl transferase, and translocation, respectively. Other antibiotics (macrolides) prevent protein translocation.	ARO:0000057	telithromycin
ARO:3000749	beta-lactam sensitive penicillin-binding protein	Penicillin-binding proteins (PBPs) are responsible for transpeptidation, joining subunits to form peptidoglycan. They are numbered according to descending molecular weight, and may vary between species. These numbers represent the PBPs of E. coli. Inhibition of the larger PBPs responsible for transpeptidation (1-3) are lethal. Smaller PBPs (4-6) are involed in carboxypeptidation; inhibition of these is non-lethal.	ARO:0000058	cefazolin
ARO:3000749	beta-lactam sensitive penicillin-binding protein	Penicillin-binding proteins (PBPs) are responsible for transpeptidation, joining subunits to form peptidoglycan. They are numbered according to descending molecular weight, and may vary between species. These numbers represent the PBPs of E. coli. Inhibition of the larger PBPs responsible for transpeptidation (1-3) are lethal. Smaller PBPs (4-6) are involed in carboxypeptidation; inhibition of these is non-lethal.	ARO:0000059	cefepime
ARO:3000749	beta-lactam sensitive penicillin-binding protein	Penicillin-binding proteins (PBPs) are responsible for transpeptidation, joining subunits to form peptidoglycan. They are numbered according to descending molecular weight, and may vary between species. These numbers represent the PBPs of E. coli. Inhibition of the larger PBPs responsible for transpeptidation (1-3) are lethal. Smaller PBPs (4-6) are involed in carboxypeptidation; inhibition of these is non-lethal.	ARO:0000060	ceftazidime
ARO:3000749	beta-lactam sensitive penicillin-binding protein	Penicillin-binding proteins (PBPs) are responsible for transpeptidation, joining subunits to form peptidoglycan. They are numbered according to descending molecular weight, and may vary between species. These numbers represent the PBPs of E. coli. Inhibition of the larger PBPs responsible for transpeptidation (1-3) are lethal. Smaller PBPs (4-6) are involed in carboxypeptidation; inhibition of these is non-lethal.	ARO:0000061	ceftobiprole
ARO:3000749	beta-lactam sensitive penicillin-binding protein	Penicillin-binding proteins (PBPs) are responsible for transpeptidation, joining subunits to form peptidoglycan. They are numbered according to descending molecular weight, and may vary between species. These numbers represent the PBPs of E. coli. Inhibition of the larger PBPs responsible for transpeptidation (1-3) are lethal. Smaller PBPs (4-6) are involed in carboxypeptidation; inhibition of these is non-lethal.	ARO:0000062	ceftriaxone
ARO:3000749	beta-lactam sensitive penicillin-binding protein	Penicillin-binding proteins (PBPs) are responsible for transpeptidation, joining subunits to form peptidoglycan. They are numbered according to descending molecular weight, and may vary between species. These numbers represent the PBPs of E. coli. Inhibition of the larger PBPs responsible for transpeptidation (1-3) are lethal. Smaller PBPs (4-6) are involed in carboxypeptidation; inhibition of these is non-lethal.	ARO:0000063	cefuroxime
ARO:3000749	beta-lactam sensitive penicillin-binding protein	Penicillin-binding proteins (PBPs) are responsible for transpeptidation, joining subunits to form peptidoglycan. They are numbered according to descending molecular weight, and may vary between species. These numbers represent the PBPs of E. coli. Inhibition of the larger PBPs responsible for transpeptidation (1-3) are lethal. Smaller PBPs (4-6) are involed in carboxypeptidation; inhibition of these is non-lethal.	ARO:0000064	amoxicillin
ARO:3000757	50S ribosomal subunit P-site	The P-site of the ribosome binds the peptidyl-tRNA with the growing polypeptide chain, and is a common target for many antibiotics that inhibit the 50S ribosomal subunit. Some antibiotics (oxazolidinones) block the 50S subunit from interacting with the 30S subunit to prevent the formation of the ribosomal complex. Other antibiotics (thiostrepton) block the 50S subunit from interacting with elongation factors G and Tu (EF-G, Ef-Tu), preventing GTP-dependent reactions of peptidyl transferase, and translocation, respectively. Other antibiotics (macrolides) prevent protein translocation.	ARO:0000065	clarithromycin
ARO:3000754	antibiotic sensitive peptidyl transferase (23S rRNA)	The bacterial 23S rRNA, at the P site of the 50S subunit, has peptidyl transferase activity and is responsible for peptide synthesis and elongation.	ARO:0000066	clindamycin
ARO:3003275	Daptomycin sensitive cardiolipin synthetase	Cardiolipin synthetase catalyzes the formation of cardiolipin from two phosphatidylglycerol molecules. Cardiolipin is important in membrane translocation and permeabilization. Mutations on the enzyme confers resistance to Daptomycin.	ARO:0000068	daptomycin
ARO:3003278	daptomycin sensitive beta-subunit of RNA polymerase (rpoB)	Daptomycin binds to the cytoplasmic membrane of Gram-positive. It's lipopeptide tail servers as a ion channel for potassium. This causes a rapid depolarization that result in failures in DNA/RNA/Protein synthesis. Eventually cell death.	ARO:0000068	daptomycin
ARO:3003280	antibiotic sensitive mprF	MprF is a integral membrane protein that modifies the negatively-charged phosphatidylglycerol on the membrane surface of both Gram-positive and Gram-negative bacteria. This confers resistance to cationic peptides that disrupt the cell membrane, including defensins. Mutations in this enzyme can confer additional resistances.	ARO:0000068	daptomycin
ARO:3003281	antibiotic sensitive pgsA	pgsA or phosphatidylglycerophosphate synthetase is an integral membrane protein involved in phospholipid biosynthesis. Inhibition of this enzyme leads to cell death via the inability to form the plasma membrane.	ARO:0000068	daptomycin
ARO:3000755	antibiotic sensitive 16S rRNA	The 16S rRNA of the 30S ribosomal subunit helps to stabilize the aminoacyl-tRNAs for pairing with the mRNA codons. Some antibiotics (aminoglycosides) that target the 16S rRNA lead to mRNA misreading as well as premature termination. Other antibiotics (tetracyclines) that target the 16S rRNA prevent incoming charged-tRNAs from binding to the ribosome's A-site, stopping elongation.	ARO:0000069	doxycycline
ARO:3000749	beta-lactam sensitive penicillin-binding protein	Penicillin-binding proteins (PBPs) are responsible for transpeptidation, joining subunits to form peptidoglycan. They are numbered according to descending molecular weight, and may vary between species. These numbers represent the PBPs of E. coli. Inhibition of the larger PBPs responsible for transpeptidation (1-3) are lethal. Smaller PBPs (4-6) are involed in carboxypeptidation; inhibition of these is non-lethal.	ARO:0000070	ertapenem
ARO:3000733	fluoroquinolone sensitive gyrA	DNA gyrase is responsible for DNA supercoiling and consists of two alpha and two beta subunits. Binding the alpha-subunit is sufficient to inhibit DNA supercoiling.	ARO:0000071	levofloxacin
ARO:3000735	Fluoroquinolone sensitive parC	parC is a subunit of the DNA topoisomerase IV and is sensitive to fluoroquinolone.	ARO:0000071	levofloxacin
ARO:3000757	50S ribosomal subunit P-site	The P-site of the ribosome binds the peptidyl-tRNA with the growing polypeptide chain, and is a common target for many antibiotics that inhibit the 50S ribosomal subunit. Some antibiotics (oxazolidinones) block the 50S subunit from interacting with the 30S subunit to prevent the formation of the ribosomal complex. Other antibiotics (thiostrepton) block the 50S subunit from interacting with elongation factors G and Tu (EF-G, Ef-Tu), preventing GTP-dependent reactions of peptidyl transferase, and translocation, respectively. Other antibiotics (macrolides) prevent protein translocation.	ARO:0000072	linezolid
ARO:3000749	beta-lactam sensitive penicillin-binding protein	Penicillin-binding proteins (PBPs) are responsible for transpeptidation, joining subunits to form peptidoglycan. They are numbered according to descending molecular weight, and may vary between species. These numbers represent the PBPs of E. coli. Inhibition of the larger PBPs responsible for transpeptidation (1-3) are lethal. Smaller PBPs (4-6) are involed in carboxypeptidation; inhibition of these is non-lethal.	ARO:0000073	meropenem
ARO:3000733	fluoroquinolone sensitive gyrA	DNA gyrase is responsible for DNA supercoiling and consists of two alpha and two beta subunits. Binding the alpha-subunit is sufficient to inhibit DNA supercoiling.	ARO:0000074	moxifloxacin
ARO:3000738	deoxyribonucleic acid	Antibiotics can target DNA to cause strand breaks or prevent transcription. The activity of these antibiotics can be context dependent: some antibiotics are converted to an active form only in certain species, while others target DNA as it is being transcribed.	ARO:0000075	nitrofurantoin
ARO:3000749	beta-lactam sensitive penicillin-binding protein	Penicillin-binding proteins (PBPs) are responsible for transpeptidation, joining subunits to form peptidoglycan. They are numbered according to descending molecular weight, and may vary between species. These numbers represent the PBPs of E. coli. Inhibition of the larger PBPs responsible for transpeptidation (1-3) are lethal. Smaller PBPs (4-6) are involed in carboxypeptidation; inhibition of these is non-lethal.	ARO:0000078	piperacillin
ARO:3000720	acyl-D-alanyl-D-alanine	The acyl-D-alanyl-D-alanine group is found at the terminal end of the pentapeptide chains of peptidoglycan subunits. Antibiotics that bind to this group block the addition of subunits, inhibiting peptidoglycan synthesis. This group is most accessible in Gram-postive bacteria.	ARO:3000022	ristocetin
ARO:3000023	aminocoumarin sensitive parE	Subunit of the topoisomerase IV sensitive to aminocoumarins.	ARO:3000111	novobiocin
ARO:3000734	antibiotic sensitive DNA topoisomerase subunit gyrB	DNA gyrase is responsible for DNA supercoiling and consists of two alpha and two beta subunits. Binding the beta-subunit is sufficient to inhibit DNA supercoiling.	ARO:3000111	novobiocin
ARO:3003253	aminocoumarin sensitive parY	Subunit of topoisomerase IV sensitive to aminocourmarins.	ARO:3000111	novobiocin
ARO:3003260	aminocoumarin sensitive gyrB	Beta-subunit of DNA gyrase sensitive to inhibition by aminocoumarins.	ARO:3000111	novobiocin
ARO:3000720	acyl-D-alanyl-D-alanine	The acyl-D-alanyl-D-alanine group is found at the terminal end of the pentapeptide chains of peptidoglycan subunits. Antibiotics that bind to this group block the addition of subunits, inhibiting peptidoglycan synthesis. This group is most accessible in Gram-postive bacteria.	ARO:3000117	antibiotic A47934
ARO:3000755	antibiotic sensitive 16S rRNA	The 16S rRNA of the 30S ribosomal subunit helps to stabilize the aminoacyl-tRNAs for pairing with the mRNA codons. Some antibiotics (aminoglycosides) that target the 16S rRNA lead to mRNA misreading as well as premature termination. Other antibiotics (tetracyclines) that target the 16S rRNA prevent incoming charged-tRNAs from binding to the ribosome's A-site, stopping elongation.	ARO:3000119	edeine
ARO:3000720	acyl-D-alanyl-D-alanine	The acyl-D-alanyl-D-alanine group is found at the terminal end of the pentapeptide chains of peptidoglycan subunits. Antibiotics that bind to this group block the addition of subunits, inhibiting peptidoglycan synthesis. This group is most accessible in Gram-postive bacteria.	ARO:3000120	balhimycin
ARO:3000710	cell membrane component targeted by antibiotic	Interaction with the cell membrane phospholipids interferes with membrane permeability and integrity, leading to the leakage of cell contents. The outer membrane of Gram-negative bacteria is particularly sensitive.	ARO:3000123	gramicidin
ARO:3000756	30S ribosomal subunit P-site	The P-site of the ribosome binds the peptidyl-tRNA with the growing polypeptide chain. Antibiotics that target the P-site block fMet-tRNA from entering, thus inhibiting peptide elongation.	ARO:3000130	edeine A
ARO:3000023	aminocoumarin sensitive parE	Subunit of the topoisomerase IV sensitive to aminocoumarins.	ARO:3000132	clorobiocin
ARO:3000734	antibiotic sensitive DNA topoisomerase subunit gyrB	DNA gyrase is responsible for DNA supercoiling and consists of two alpha and two beta subunits. Binding the beta-subunit is sufficient to inhibit DNA supercoiling.	ARO:3000132	clorobiocin
ARO:3003253	aminocoumarin sensitive parY	Subunit of topoisomerase IV sensitive to aminocourmarins.	ARO:3000132	clorobiocin
ARO:3003260	aminocoumarin sensitive gyrB	Beta-subunit of DNA gyrase sensitive to inhibition by aminocoumarins.	ARO:3000132	clorobiocin
ARO:3000756	30S ribosomal subunit P-site	The P-site of the ribosome binds the peptidyl-tRNA with the growing polypeptide chain. Antibiotics that target the P-site block fMet-tRNA from entering, thus inhibiting peptide elongation.	ARO:3000134	edeine B
ARO:3000756	30S ribosomal subunit P-site	The P-site of the ribosome binds the peptidyl-tRNA with the growing polypeptide chain. Antibiotics that target the P-site block fMet-tRNA from entering, thus inhibiting peptide elongation.	ARO:3000135	edeine D
ARO:3000756	30S ribosomal subunit P-site	The P-site of the ribosome binds the peptidyl-tRNA with the growing polypeptide chain. Antibiotics that target the P-site block fMet-tRNA from entering, thus inhibiting peptide elongation.	ARO:3000136	edeine F
ARO:3000757	50S ribosomal subunit P-site	The P-site of the ribosome binds the peptidyl-tRNA with the growing polypeptide chain, and is a common target for many antibiotics that inhibit the 50S ribosomal subunit. Some antibiotics (oxazolidinones) block the 50S subunit from interacting with the 30S subunit to prevent the formation of the ribosomal complex. Other antibiotics (thiostrepton) block the 50S subunit from interacting with elongation factors G and Tu (EF-G, Ef-Tu), preventing GTP-dependent reactions of peptidyl transferase, and translocation, respectively. Other antibiotics (macrolides) prevent protein translocation.	ARO:3000145	tylosin
ARO:3000023	aminocoumarin sensitive parE	Subunit of the topoisomerase IV sensitive to aminocoumarins.	ARO:3000150	coumermycin A1
ARO:3000734	antibiotic sensitive DNA topoisomerase subunit gyrB	DNA gyrase is responsible for DNA supercoiling and consists of two alpha and two beta subunits. Binding the beta-subunit is sufficient to inhibit DNA supercoiling.	ARO:3000150	coumermycin A1
ARO:3003253	aminocoumarin sensitive parY	Subunit of topoisomerase IV sensitive to aminocourmarins.	ARO:3000150	coumermycin A1
ARO:3003260	aminocoumarin sensitive gyrB	Beta-subunit of DNA gyrase sensitive to inhibition by aminocoumarins.	ARO:3000150	coumermycin A1
ARO:3000755	antibiotic sensitive 16S rRNA	The 16S rRNA of the 30S ribosomal subunit helps to stabilize the aminoacyl-tRNAs for pairing with the mRNA codons. Some antibiotics (aminoglycosides) that target the 16S rRNA lead to mRNA misreading as well as premature termination. Other antibiotics (tetracyclines) that target the 16S rRNA prevent incoming charged-tRNAs from binding to the ribosome's A-site, stopping elongation.	ARO:3000152	minocycline
ARO:3000757	50S ribosomal subunit P-site	The P-site of the ribosome binds the peptidyl-tRNA with the growing polypeptide chain, and is a common target for many antibiotics that inhibit the 50S ribosomal subunit. Some antibiotics (oxazolidinones) block the 50S subunit from interacting with the 30S subunit to prevent the formation of the ribosomal complex. Other antibiotics (thiostrepton) block the 50S subunit from interacting with elongation factors G and Tu (EF-G, Ef-Tu), preventing GTP-dependent reactions of peptidyl transferase, and translocation, respectively. Other antibiotics (macrolides) prevent protein translocation.	ARO:3000156	spiramycin
ARO:3000757	50S ribosomal subunit P-site	The P-site of the ribosome binds the peptidyl-tRNA with the growing polypeptide chain, and is a common target for many antibiotics that inhibit the 50S ribosomal subunit. Some antibiotics (oxazolidinones) block the 50S subunit from interacting with the 30S subunit to prevent the formation of the ribosomal complex. Other antibiotics (thiostrepton) block the 50S subunit from interacting with elongation factors G and Tu (EF-G, Ef-Tu), preventing GTP-dependent reactions of peptidyl transferase, and translocation, respectively. Other antibiotics (macrolides) prevent protein translocation.	ARO:3000158	azithromycin
ARO:3000737	rifamycin sensitive beta-subunit of RNA polymerase (rpoB)	The beta-subunit of RNA polymerase is targeted as a complex. When blocked, RNA strand elongation cannot continue after the first few nucleotides.	ARO:3000169	rifampin
ARO:3000749	beta-lactam sensitive penicillin-binding protein	Penicillin-binding proteins (PBPs) are responsible for transpeptidation, joining subunits to form peptidoglycan. They are numbered according to descending molecular weight, and may vary between species. These numbers represent the PBPs of E. coli. Inhibition of the larger PBPs responsible for transpeptidation (1-3) are lethal. Smaller PBPs (4-6) are involed in carboxypeptidation; inhibition of these is non-lethal.	ARO:3000170	imipenem
ARO:3000757	50S ribosomal subunit P-site	The P-site of the ribosome binds the peptidyl-tRNA with the growing polypeptide chain, and is a common target for many antibiotics that inhibit the 50S ribosomal subunit. Some antibiotics (oxazolidinones) block the 50S subunit from interacting with the 30S subunit to prevent the formation of the ribosomal complex. Other antibiotics (thiostrepton) block the 50S subunit from interacting with elongation factors G and Tu (EF-G, Ef-Tu), preventing GTP-dependent reactions of peptidyl transferase, and translocation, respectively. Other antibiotics (macrolides) prevent protein translocation.	ARO:3000176	dirithromycin
ARO:3000720	acyl-D-alanyl-D-alanine	The acyl-D-alanyl-D-alanine group is found at the terminal end of the pentapeptide chains of peptidoglycan subunits. Antibiotics that bind to this group block the addition of subunits, inhibiting peptidoglycan synthesis. This group is most accessible in Gram-postive bacteria.	ARO:3000184	chloroeremomycin
ARO:3000745	antibiotic sensitive dihydrofolate reductase	Dihydrofolate reductase synthesizes the co-enzyme tetrahydrofolic acid, which is also an essential precursor in the de novo synthesis of the DNA nucleotide thymidine.	ARO:3000188	trimethoprim
ARO:3000720	acyl-D-alanyl-D-alanine	The acyl-D-alanyl-D-alanine group is found at the terminal end of the pentapeptide chains of peptidoglycan subunits. Antibiotics that bind to this group block the addition of subunits, inhibiting peptidoglycan synthesis. This group is most accessible in Gram-postive bacteria.	ARO:3000189	oritavancin
ARO:3000726	pentaglycyl bridge	The pentaglycyl bridge is part of Gram-positive peptidoglycan, allowing the formation of a thick and rigid cell wall.	ARO:3000189	oritavancin
ARO:3000710	cell membrane component targeted by antibiotic	Interaction with the cell membrane phospholipids interferes with membrane permeability and integrity, leading to the leakage of cell contents. The outer membrane of Gram-negative bacteria is particularly sensitive.	ARO:3000200	gramicidin S
ARO:3000755	antibiotic sensitive 16S rRNA	The 16S rRNA of the 30S ribosomal subunit helps to stabilize the aminoacyl-tRNAs for pairing with the mRNA codons. Some antibiotics (aminoglycosides) that target the 16S rRNA lead to mRNA misreading as well as premature termination. Other antibiotics (tetracyclines) that target the 16S rRNA prevent incoming charged-tRNAs from binding to the ribosome's A-site, stopping elongation.	ARO:3000214	hygromycin B
ARO:3000710	cell membrane component targeted by antibiotic	Interaction with the cell membrane phospholipids interferes with membrane permeability and integrity, leading to the leakage of cell contents. The outer membrane of Gram-negative bacteria is particularly sensitive.	ARO:3000222	gramicidin A
ARO:3000710	cell membrane component targeted by antibiotic	Interaction with the cell membrane phospholipids interferes with membrane permeability and integrity, leading to the leakage of cell contents. The outer membrane of Gram-negative bacteria is particularly sensitive.	ARO:3000223	gramicidin B
ARO:3000710	cell membrane component targeted by antibiotic	Interaction with the cell membrane phospholipids interferes with membrane permeability and integrity, leading to the leakage of cell contents. The outer membrane of Gram-negative bacteria is particularly sensitive.	ARO:3000224	gramicidin C
ARO:3000745	antibiotic sensitive dihydrofolate reductase	Dihydrofolate reductase synthesizes the co-enzyme tetrahydrofolic acid, which is also an essential precursor in the de novo synthesis of the DNA nucleotide thymidine.	ARO:3000269	brodimoprim
ARO:3000745	antibiotic sensitive dihydrofolate reductase	Dihydrofolate reductase synthesizes the co-enzyme tetrahydrofolic acid, which is also an essential precursor in the de novo synthesis of the DNA nucleotide thymidine.	ARO:3000284	tetroxoprim
ARO:3000744	antibiotic sensitive dihydropteroate synthase	Dihydropteroate synthase catalyzes the conversion of p-aminobenzoic acid to dihydropteroic acid as part of the tetrahydrofolic acid biosynthetic pathway. Tetrahydrofolic acid is essential for folate synthesis, and a precursor of many nucleotides and amino acids. Inhibiting dihydropteroate leads to slow cell death, as bacteria can survive on existing folate storages for a few generations.	ARO:3000324	sulfadiazine
ARO:3000744	antibiotic sensitive dihydropteroate synthase	Dihydropteroate synthase catalyzes the conversion of p-aminobenzoic acid to dihydropteroic acid as part of the tetrahydrofolic acid biosynthetic pathway. Tetrahydrofolic acid is essential for folate synthesis, and a precursor of many nucleotides and amino acids. Inhibiting dihydropteroate leads to slow cell death, as bacteria can survive on existing folate storages for a few generations.	ARO:3000325	sulfadimidine
ARO:3000744	antibiotic sensitive dihydropteroate synthase	Dihydropteroate synthase catalyzes the conversion of p-aminobenzoic acid to dihydropteroic acid as part of the tetrahydrofolic acid biosynthetic pathway. Tetrahydrofolic acid is essential for folate synthesis, and a precursor of many nucleotides and amino acids. Inhibiting dihydropteroate leads to slow cell death, as bacteria can survive on existing folate storages for a few generations.	ARO:3000327	sulfadoxine
ARO:3000744	antibiotic sensitive dihydropteroate synthase	Dihydropteroate synthase catalyzes the conversion of p-aminobenzoic acid to dihydropteroic acid as part of the tetrahydrofolic acid biosynthetic pathway. Tetrahydrofolic acid is essential for folate synthesis, and a precursor of many nucleotides and amino acids. Inhibiting dihydropteroate leads to slow cell death, as bacteria can survive on existing folate storages for a few generations.	ARO:3000329	sulfamethoxazole
ARO:3000744	antibiotic sensitive dihydropteroate synthase	Dihydropteroate synthase catalyzes the conversion of p-aminobenzoic acid to dihydropteroic acid as part of the tetrahydrofolic acid biosynthetic pathway. Tetrahydrofolic acid is essential for folate synthesis, and a precursor of many nucleotides and amino acids. Inhibiting dihydropteroate leads to slow cell death, as bacteria can survive on existing folate storages for a few generations.	ARO:3000330	sulfisoxazole
ARO:3000745	antibiotic sensitive dihydrofolate reductase	Dihydrofolate reductase synthesizes the co-enzyme tetrahydrofolic acid, which is also an essential precursor in the de novo synthesis of the DNA nucleotide thymidine.	ARO:3000337	iclaprim
ARO:3000754	antibiotic sensitive peptidyl transferase (23S rRNA)	The bacterial 23S rRNA, at the P site of the 50S subunit, has peptidyl transferase activity and is responsible for peptide synthesis and elongation.	ARO:3000382	azidamfenicol
ARO:3000754	antibiotic sensitive peptidyl transferase (23S rRNA)	The bacterial 23S rRNA, at the P site of the 50S subunit, has peptidyl transferase activity and is responsible for peptide synthesis and elongation.	ARO:3000385	chloramphenicol
ARO:3000754	antibiotic sensitive peptidyl transferase (23S rRNA)	The bacterial 23S rRNA, at the P site of the 50S subunit, has peptidyl transferase activity and is responsible for peptide synthesis and elongation.	ARO:3000456	thiamphenicol
ARO:3000754	antibiotic sensitive peptidyl transferase (23S rRNA)	The bacterial 23S rRNA, at the P site of the 50S subunit, has peptidyl transferase activity and is responsible for peptide synthesis and elongation.	ARO:3000461	florfenicol
ARO:3000720	acyl-D-alanyl-D-alanine	The acyl-D-alanyl-D-alanine group is found at the terminal end of the pentapeptide chains of peptidoglycan subunits. Antibiotics that bind to this group block the addition of subunits, inhibiting peptidoglycan synthesis. This group is most accessible in Gram-postive bacteria.	ARO:3000466	dalbavancin
ARO:3000720	acyl-D-alanyl-D-alanine	The acyl-D-alanyl-D-alanine group is found at the terminal end of the pentapeptide chains of peptidoglycan subunits. Antibiotics that bind to this group block the addition of subunits, inhibiting peptidoglycan synthesis. This group is most accessible in Gram-postive bacteria.	ARO:3000488	telavancin
ARO:3000729	ribosomal complex	The ribosomal complex can be targeted by antibiotics that stabilize the entire complex and prevent further translation. These antibiotics target both subunits in the process of protein translation.	ARO:3000490	tuberactinomycin
ARO:3000739	RNA guanosine binding site	RNA intron self-splicing action can be inhibited by antibiotics that target a G-binding site to compete with the guanosine cofactor.	ARO:3000490	tuberactinomycin
ARO:3000725	antibiotic sensitive aftA	Arabinofuranosyltransferases allow for the polymerization of arabinose to form arabinan. Arabanan is required for formation of mycobacterial cell walls.	ARO:3000497	ethambutol
ARO:3000763	antibiotic sensitive embC	EmbC is an arabinosyltransferase involved in lipoarabinomannan synthesis.	ARO:3000497	ethambutol
ARO:3000764	antibiotic sensitive embA	EmbA is an arabinosyltransferase that works as a heterodimer with EmbB. It is involved in the synthesis of arabinogalactan, a component of the mycobacterial cell wall.	ARO:3000497	ethambutol
ARO:3000765	antibiotic sensitive embB	EmbB is an arabinosyltransferase that works as a heterodimer with EmbA. It is involved in the synthesis of arabinogalactan, a component of the mycobacterial cell wall.	ARO:3000497	ethambutol
ARO:3003473	Antibiotic sensitive embR	Wildtype embR is sensitive to antibiotics. It is an arabinosyltransferase involved in lipoarabinomannan synthesis.	ARO:3000497	ethambutol
ARO:3000737	rifamycin sensitive beta-subunit of RNA polymerase (rpoB)	The beta-subunit of RNA polymerase is targeted as a complex. When blocked, RNA strand elongation cannot continue after the first few nucleotides.	ARO:3000517	rifaximin
ARO:3000716	mycolic acid synthesis enzyme targeted by antibiotic	Mycolic acids are produced by mycobacteria. These fatty acids are required for the construction of cell walls. Enzymes that are targeted by antibiotics include synthases, elongases, and dehydrogenases.	ARO:3000520	isoniazid
ARO:3003426	antibiotic sensitive inhA	inhA is a enoyl-acyl carrier reductase used in lipid metabolism and fatty acid biosynthesis.	ARO:3000520	isoniazid
ARO:3003478	antibiotic sensitive kasA	kasA is a ketoacyl acyl carrier protein synthase that catalyzes the condensation reaction of fatty acid synthesis by the addition to an acyl acceptor of two carbons from malonyl-ACP. It is involved in elongation of fatty acids intermediate in the biosynthetic pathway of mycolic acids.	ARO:3000520	isoniazid
ARO:3000720	acyl-D-alanyl-D-alanine	The acyl-D-alanyl-D-alanine group is found at the terminal end of the pentapeptide chains of peptidoglycan subunits. Antibiotics that bind to this group block the addition of subunits, inhibiting peptidoglycan synthesis. This group is most accessible in Gram-postive bacteria.	ARO:3000525	antibiotic A40926
ARO:3000755	antibiotic sensitive 16S rRNA	The 16S rRNA of the 30S ribosomal subunit helps to stabilize the aminoacyl-tRNAs for pairing with the mRNA codons. Some antibiotics (aminoglycosides) that target the 16S rRNA lead to mRNA misreading as well as premature termination. Other antibiotics (tetracyclines) that target the 16S rRNA prevent incoming charged-tRNAs from binding to the ribosome's A-site, stopping elongation.	ARO:3000528	chlortetracycline
ARO:3000737	rifamycin sensitive beta-subunit of RNA polymerase (rpoB)	The beta-subunit of RNA polymerase is targeted as a complex. When blocked, RNA strand elongation cannot continue after the first few nucleotides.	ARO:3000530	rifabutin
ARO:3000737	rifamycin sensitive beta-subunit of RNA polymerase (rpoB)	The beta-subunit of RNA polymerase is targeted as a complex. When blocked, RNA strand elongation cannot continue after the first few nucleotides.	ARO:3000534	rifapentine
ARO:3000749	beta-lactam sensitive penicillin-binding protein	Penicillin-binding proteins (PBPs) are responsible for transpeptidation, joining subunits to form peptidoglycan. They are numbered according to descending molecular weight, and may vary between species. These numbers represent the PBPs of E. coli. Inhibition of the larger PBPs responsible for transpeptidation (1-3) are lethal. Smaller PBPs (4-6) are involed in carboxypeptidation; inhibition of these is non-lethal.	ARO:3000550	aztreonam
ARO:3000732	antibiotic sensitive Isoleucyl-tRNA transferase	Isoleucyl-tRNA transferase recognizes isoleucine codons and works with the ribosome to incorporate isoleucine amino acids into polypeptide chains. It can be targeted by antibiotics that have an analog of isoleucine through competitive inhibition.	ARO:3000554	mupirocin
ARO:3000754	antibiotic sensitive peptidyl transferase (23S rRNA)	The bacterial 23S rRNA, at the P site of the 50S subunit, has peptidyl transferase activity and is responsible for peptide synthesis and elongation.	ARO:3000583	pristinamycin IA
ARO:3000754	antibiotic sensitive peptidyl transferase (23S rRNA)	The bacterial 23S rRNA, at the P site of the 50S subunit, has peptidyl transferase activity and is responsible for peptide synthesis and elongation.	ARO:3000584	quinupristin
ARO:3000731	elongation factor Tu	Elongation factor Tu is required for peptide elongation in bacterial protein synthesis.	ARO:3000586	pulvomycin
ARO:3000710	cell membrane component targeted by antibiotic	Interaction with the cell membrane phospholipids interferes with membrane permeability and integrity, leading to the leakage of cell contents. The outer membrane of Gram-negative bacteria is particularly sensitive.	ARO:3000622	colistin A
ARO:3000710	cell membrane component targeted by antibiotic	Interaction with the cell membrane phospholipids interferes with membrane permeability and integrity, leading to the leakage of cell contents. The outer membrane of Gram-negative bacteria is particularly sensitive.	ARO:3000624	colistin B
ARO:3000710	cell membrane component targeted by antibiotic	Interaction with the cell membrane phospholipids interferes with membrane permeability and integrity, leading to the leakage of cell contents. The outer membrane of Gram-negative bacteria is particularly sensitive.	ARO:3000625	polymyxin B1
ARO:3000710	cell membrane component targeted by antibiotic	Interaction with the cell membrane phospholipids interferes with membrane permeability and integrity, leading to the leakage of cell contents. The outer membrane of Gram-negative bacteria is particularly sensitive.	ARO:3000626	polymyxin B2
ARO:3000710	cell membrane component targeted by antibiotic	Interaction with the cell membrane phospholipids interferes with membrane permeability and integrity, leading to the leakage of cell contents. The outer membrane of Gram-negative bacteria is particularly sensitive.	ARO:3000627	polymyxin B3
ARO:3000710	cell membrane component targeted by antibiotic	Interaction with the cell membrane phospholipids interferes with membrane permeability and integrity, leading to the leakage of cell contents. The outer membrane of Gram-negative bacteria is particularly sensitive.	ARO:3000628	polymyxin B4
ARO:3000719	bacitracin sensitive isoprenyl pyrophosphate	Isoprepnyl pyrophosphate removes a phosphate group that is added from the peptidoglycan subunit to permit its transfer across the cell membrane. The phosphate group must be removed before its incorporation into peptidoglycan macromolecules.	ARO:3000629	bacitracin A
ARO:3003251	undecaprenyl pyrophosphate	Undecaprenyl pyrophosphate is a precursor to a cell wall polymer carrier. It's activation requires a phosphatase.	ARO:3000629	bacitracin A
ARO:3000719	bacitracin sensitive isoprenyl pyrophosphate	Isoprepnyl pyrophosphate removes a phosphate group that is added from the peptidoglycan subunit to permit its transfer across the cell membrane. The phosphate group must be removed before its incorporation into peptidoglycan macromolecules.	ARO:3000630	bacitracin B
ARO:3003251	undecaprenyl pyrophosphate	Undecaprenyl pyrophosphate is a precursor to a cell wall polymer carrier. It's activation requires a phosphatase.	ARO:3000630	bacitracin B
ARO:3000719	bacitracin sensitive isoprenyl pyrophosphate	Isoprepnyl pyrophosphate removes a phosphate group that is added from the peptidoglycan subunit to permit its transfer across the cell membrane. The phosphate group must be removed before its incorporation into peptidoglycan macromolecules.	ARO:3000631	bacitracin F
ARO:3003251	undecaprenyl pyrophosphate	Undecaprenyl pyrophosphate is a precursor to a cell wall polymer carrier. It's activation requires a phosphatase.	ARO:3000631	bacitracin F
ARO:3000749	beta-lactam sensitive penicillin-binding protein	Penicillin-binding proteins (PBPs) are responsible for transpeptidation, joining subunits to form peptidoglycan. They are numbered according to descending molecular weight, and may vary between species. These numbers represent the PBPs of E. coli. Inhibition of the larger PBPs responsible for transpeptidation (1-3) are lethal. Smaller PBPs (4-6) are involed in carboxypeptidation; inhibition of these is non-lethal.	ARO:3000632	benzylpenicillin
ARO:3000749	beta-lactam sensitive penicillin-binding protein	Penicillin-binding proteins (PBPs) are responsible for transpeptidation, joining subunits to form peptidoglycan. They are numbered according to descending molecular weight, and may vary between species. These numbers represent the PBPs of E. coli. Inhibition of the larger PBPs responsible for transpeptidation (1-3) are lethal. Smaller PBPs (4-6) are involed in carboxypeptidation; inhibition of these is non-lethal.	ARO:3000633	phenoxymethylpenicillin
ARO:3000749	beta-lactam sensitive penicillin-binding protein	Penicillin-binding proteins (PBPs) are responsible for transpeptidation, joining subunits to form peptidoglycan. They are numbered according to descending molecular weight, and may vary between species. These numbers represent the PBPs of E. coli. Inhibition of the larger PBPs responsible for transpeptidation (1-3) are lethal. Smaller PBPs (4-6) are involed in carboxypeptidation; inhibition of these is non-lethal.	ARO:3000634	propicillin
ARO:3000749	beta-lactam sensitive penicillin-binding protein	Penicillin-binding proteins (PBPs) are responsible for transpeptidation, joining subunits to form peptidoglycan. They are numbered according to descending molecular weight, and may vary between species. These numbers represent the PBPs of E. coli. Inhibition of the larger PBPs responsible for transpeptidation (1-3) are lethal. Smaller PBPs (4-6) are involed in carboxypeptidation; inhibition of these is non-lethal.	ARO:3000635	dicloxacillin
ARO:3000749	beta-lactam sensitive penicillin-binding protein	Penicillin-binding proteins (PBPs) are responsible for transpeptidation, joining subunits to form peptidoglycan. They are numbered according to descending molecular weight, and may vary between species. These numbers represent the PBPs of E. coli. Inhibition of the larger PBPs responsible for transpeptidation (1-3) are lethal. Smaller PBPs (4-6) are involed in carboxypeptidation; inhibition of these is non-lethal.	ARO:3000636	flucloxacillin
ARO:3000749	beta-lactam sensitive penicillin-binding protein	Penicillin-binding proteins (PBPs) are responsible for transpeptidation, joining subunits to form peptidoglycan. They are numbered according to descending molecular weight, and may vary between species. These numbers represent the PBPs of E. coli. Inhibition of the larger PBPs responsible for transpeptidation (1-3) are lethal. Smaller PBPs (4-6) are involed in carboxypeptidation; inhibition of these is non-lethal.	ARO:3000637	ampicillin
ARO:3000749	beta-lactam sensitive penicillin-binding protein	Penicillin-binding proteins (PBPs) are responsible for transpeptidation, joining subunits to form peptidoglycan. They are numbered according to descending molecular weight, and may vary between species. These numbers represent the PBPs of E. coli. Inhibition of the larger PBPs responsible for transpeptidation (1-3) are lethal. Smaller PBPs (4-6) are involed in carboxypeptidation; inhibition of these is non-lethal.	ARO:3000638	azlocillin
ARO:3000749	beta-lactam sensitive penicillin-binding protein	Penicillin-binding proteins (PBPs) are responsible for transpeptidation, joining subunits to form peptidoglycan. They are numbered according to descending molecular weight, and may vary between species. These numbers represent the PBPs of E. coli. Inhibition of the larger PBPs responsible for transpeptidation (1-3) are lethal. Smaller PBPs (4-6) are involed in carboxypeptidation; inhibition of these is non-lethal.	ARO:3000639	mezlocillin
ARO:3000749	beta-lactam sensitive penicillin-binding protein	Penicillin-binding proteins (PBPs) are responsible for transpeptidation, joining subunits to form peptidoglycan. They are numbered according to descending molecular weight, and may vary between species. These numbers represent the PBPs of E. coli. Inhibition of the larger PBPs responsible for transpeptidation (1-3) are lethal. Smaller PBPs (4-6) are involed in carboxypeptidation; inhibition of these is non-lethal.	ARO:3000640	doripenem
ARO:3000749	beta-lactam sensitive penicillin-binding protein	Penicillin-binding proteins (PBPs) are responsible for transpeptidation, joining subunits to form peptidoglycan. They are numbered according to descending molecular weight, and may vary between species. These numbers represent the PBPs of E. coli. Inhibition of the larger PBPs responsible for transpeptidation (1-3) are lethal. Smaller PBPs (4-6) are involed in carboxypeptidation; inhibition of these is non-lethal.	ARO:3000641	cefalexin
ARO:3000749	beta-lactam sensitive penicillin-binding protein	Penicillin-binding proteins (PBPs) are responsible for transpeptidation, joining subunits to form peptidoglycan. They are numbered according to descending molecular weight, and may vary between species. These numbers represent the PBPs of E. coli. Inhibition of the larger PBPs responsible for transpeptidation (1-3) are lethal. Smaller PBPs (4-6) are involed in carboxypeptidation; inhibition of these is non-lethal.	ARO:3000642	cefadroxil
ARO:3000749	beta-lactam sensitive penicillin-binding protein	Penicillin-binding proteins (PBPs) are responsible for transpeptidation, joining subunits to form peptidoglycan. They are numbered according to descending molecular weight, and may vary between species. These numbers represent the PBPs of E. coli. Inhibition of the larger PBPs responsible for transpeptidation (1-3) are lethal. Smaller PBPs (4-6) are involed in carboxypeptidation; inhibition of these is non-lethal.	ARO:3000643	cefotiam
ARO:3000749	beta-lactam sensitive penicillin-binding protein	Penicillin-binding proteins (PBPs) are responsible for transpeptidation, joining subunits to form peptidoglycan. They are numbered according to descending molecular weight, and may vary between species. These numbers represent the PBPs of E. coli. Inhibition of the larger PBPs responsible for transpeptidation (1-3) are lethal. Smaller PBPs (4-6) are involed in carboxypeptidation; inhibition of these is non-lethal.	ARO:3000644	cefaclor
ARO:3000749	beta-lactam sensitive penicillin-binding protein	Penicillin-binding proteins (PBPs) are responsible for transpeptidation, joining subunits to form peptidoglycan. They are numbered according to descending molecular weight, and may vary between species. These numbers represent the PBPs of E. coli. Inhibition of the larger PBPs responsible for transpeptidation (1-3) are lethal. Smaller PBPs (4-6) are involed in carboxypeptidation; inhibition of these is non-lethal.	ARO:3000645	cefotaxime
ARO:3000749	beta-lactam sensitive penicillin-binding protein	Penicillin-binding proteins (PBPs) are responsible for transpeptidation, joining subunits to form peptidoglycan. They are numbered according to descending molecular weight, and may vary between species. These numbers represent the PBPs of E. coli. Inhibition of the larger PBPs responsible for transpeptidation (1-3) are lethal. Smaller PBPs (4-6) are involed in carboxypeptidation; inhibition of these is non-lethal.	ARO:3000646	cefixime
ARO:3000749	beta-lactam sensitive penicillin-binding protein	Penicillin-binding proteins (PBPs) are responsible for transpeptidation, joining subunits to form peptidoglycan. They are numbered according to descending molecular weight, and may vary between species. These numbers represent the PBPs of E. coli. Inhibition of the larger PBPs responsible for transpeptidation (1-3) are lethal. Smaller PBPs (4-6) are involed in carboxypeptidation; inhibition of these is non-lethal.	ARO:3000647	cefpodoxime
ARO:3000749	beta-lactam sensitive penicillin-binding protein	Penicillin-binding proteins (PBPs) are responsible for transpeptidation, joining subunits to form peptidoglycan. They are numbered according to descending molecular weight, and may vary between species. These numbers represent the PBPs of E. coli. Inhibition of the larger PBPs responsible for transpeptidation (1-3) are lethal. Smaller PBPs (4-6) are involed in carboxypeptidation; inhibition of these is non-lethal.	ARO:3000648	ceftibuten
ARO:3000749	beta-lactam sensitive penicillin-binding protein	Penicillin-binding proteins (PBPs) are responsible for transpeptidation, joining subunits to form peptidoglycan. They are numbered according to descending molecular weight, and may vary between species. These numbers represent the PBPs of E. coli. Inhibition of the larger PBPs responsible for transpeptidation (1-3) are lethal. Smaller PBPs (4-6) are involed in carboxypeptidation; inhibition of these is non-lethal.	ARO:3000649	cefditoren
ARO:3000749	beta-lactam sensitive penicillin-binding protein	Penicillin-binding proteins (PBPs) are responsible for transpeptidation, joining subunits to form peptidoglycan. They are numbered according to descending molecular weight, and may vary between species. These numbers represent the PBPs of E. coli. Inhibition of the larger PBPs responsible for transpeptidation (1-3) are lethal. Smaller PBPs (4-6) are involed in carboxypeptidation; inhibition of these is non-lethal.	ARO:3000650	cefdinir
ARO:3000749	beta-lactam sensitive penicillin-binding protein	Penicillin-binding proteins (PBPs) are responsible for transpeptidation, joining subunits to form peptidoglycan. They are numbered according to descending molecular weight, and may vary between species. These numbers represent the PBPs of E. coli. Inhibition of the larger PBPs responsible for transpeptidation (1-3) are lethal. Smaller PBPs (4-6) are involed in carboxypeptidation; inhibition of these is non-lethal.	ARO:3000651	ceftaroline
ARO:3000755	antibiotic sensitive 16S rRNA	The 16S rRNA of the 30S ribosomal subunit helps to stabilize the aminoacyl-tRNAs for pairing with the mRNA codons. Some antibiotics (aminoglycosides) that target the 16S rRNA lead to mRNA misreading as well as premature termination. Other antibiotics (tetracyclines) that target the 16S rRNA prevent incoming charged-tRNAs from binding to the ribosome's A-site, stopping elongation.	ARO:3000652	isepamicin
ARO:3000755	antibiotic sensitive 16S rRNA	The 16S rRNA of the 30S ribosomal subunit helps to stabilize the aminoacyl-tRNAs for pairing with the mRNA codons. Some antibiotics (aminoglycosides) that target the 16S rRNA lead to mRNA misreading as well as premature termination. Other antibiotics (tetracyclines) that target the 16S rRNA prevent incoming charged-tRNAs from binding to the ribosome's A-site, stopping elongation.	ARO:3000653	G418
ARO:3000755	antibiotic sensitive 16S rRNA	The 16S rRNA of the 30S ribosomal subunit helps to stabilize the aminoacyl-tRNAs for pairing with the mRNA codons. Some antibiotics (aminoglycosides) that target the 16S rRNA lead to mRNA misreading as well as premature termination. Other antibiotics (tetracyclines) that target the 16S rRNA prevent incoming charged-tRNAs from binding to the ribosome's A-site, stopping elongation.	ARO:3000654	arbekacin
ARO:3000755	antibiotic sensitive 16S rRNA	The 16S rRNA of the 30S ribosomal subunit helps to stabilize the aminoacyl-tRNAs for pairing with the mRNA codons. Some antibiotics (aminoglycosides) that target the 16S rRNA lead to mRNA misreading as well as premature termination. Other antibiotics (tetracyclines) that target the 16S rRNA prevent incoming charged-tRNAs from binding to the ribosome's A-site, stopping elongation.	ARO:3000655	gentamicin B
ARO:3000755	antibiotic sensitive 16S rRNA	The 16S rRNA of the 30S ribosomal subunit helps to stabilize the aminoacyl-tRNAs for pairing with the mRNA codons. Some antibiotics (aminoglycosides) that target the 16S rRNA lead to mRNA misreading as well as premature termination. Other antibiotics (tetracyclines) that target the 16S rRNA prevent incoming charged-tRNAs from binding to the ribosome's A-site, stopping elongation.	ARO:3000657	paromomycin
ARO:3000755	antibiotic sensitive 16S rRNA	The 16S rRNA of the 30S ribosomal subunit helps to stabilize the aminoacyl-tRNAs for pairing with the mRNA codons. Some antibiotics (aminoglycosides) that target the 16S rRNA lead to mRNA misreading as well as premature termination. Other antibiotics (tetracyclines) that target the 16S rRNA prevent incoming charged-tRNAs from binding to the ribosome's A-site, stopping elongation.	ARO:3000658	lividomycin
ARO:3000733	fluoroquinolone sensitive gyrA	DNA gyrase is responsible for DNA supercoiling and consists of two alpha and two beta subunits. Binding the alpha-subunit is sufficient to inhibit DNA supercoiling.	ARO:3000659	gatifloxacin
ARO:3000733	fluoroquinolone sensitive gyrA	DNA gyrase is responsible for DNA supercoiling and consists of two alpha and two beta subunits. Binding the alpha-subunit is sufficient to inhibit DNA supercoiling.	ARO:3000660	lomefloxacin
ARO:3000733	fluoroquinolone sensitive gyrA	DNA gyrase is responsible for DNA supercoiling and consists of two alpha and two beta subunits. Binding the alpha-subunit is sufficient to inhibit DNA supercoiling.	ARO:3000661	nalidixic acid
ARO:3000733	fluoroquinolone sensitive gyrA	DNA gyrase is responsible for DNA supercoiling and consists of two alpha and two beta subunits. Binding the alpha-subunit is sufficient to inhibit DNA supercoiling.	ARO:3000662	norfloxacin
ARO:3000735	Fluoroquinolone sensitive parC	parC is a subunit of the DNA topoisomerase IV and is sensitive to fluoroquinolone.	ARO:3000662	norfloxacin
ARO:3000733	fluoroquinolone sensitive gyrA	DNA gyrase is responsible for DNA supercoiling and consists of two alpha and two beta subunits. Binding the alpha-subunit is sufficient to inhibit DNA supercoiling.	ARO:3000663	ofloxacin
ARO:3000735	Fluoroquinolone sensitive parC	parC is a subunit of the DNA topoisomerase IV and is sensitive to fluoroquinolone.	ARO:3000663	ofloxacin
ARO:3000733	fluoroquinolone sensitive gyrA	DNA gyrase is responsible for DNA supercoiling and consists of two alpha and two beta subunits. Binding the alpha-subunit is sufficient to inhibit DNA supercoiling.	ARO:3000664	trovafloxacin
ARO:3000733	fluoroquinolone sensitive gyrA	DNA gyrase is responsible for DNA supercoiling and consists of two alpha and two beta subunits. Binding the alpha-subunit is sufficient to inhibit DNA supercoiling.	ARO:3000665	grepafloxacin
ARO:3000733	fluoroquinolone sensitive gyrA	DNA gyrase is responsible for DNA supercoiling and consists of two alpha and two beta subunits. Binding the alpha-subunit is sufficient to inhibit DNA supercoiling.	ARO:3000666	sparfloxacin
ARO:3000755	antibiotic sensitive 16S rRNA	The 16S rRNA of the 30S ribosomal subunit helps to stabilize the aminoacyl-tRNAs for pairing with the mRNA codons. Some antibiotics (aminoglycosides) that target the 16S rRNA lead to mRNA misreading as well as premature termination. Other antibiotics (tetracyclines) that target the 16S rRNA prevent incoming charged-tRNAs from binding to the ribosome's A-site, stopping elongation.	ARO:3000667	demeclocycline
ARO:3000755	antibiotic sensitive 16S rRNA	The 16S rRNA of the 30S ribosomal subunit helps to stabilize the aminoacyl-tRNAs for pairing with the mRNA codons. Some antibiotics (aminoglycosides) that target the 16S rRNA lead to mRNA misreading as well as premature termination. Other antibiotics (tetracyclines) that target the 16S rRNA prevent incoming charged-tRNAs from binding to the ribosome's A-site, stopping elongation.	ARO:3000668	oxytetracycline
ARO:3000754	antibiotic sensitive peptidyl transferase (23S rRNA)	The bacterial 23S rRNA, at the P site of the 50S subunit, has peptidyl transferase activity and is responsible for peptide synthesis and elongation.	ARO:3000669	virginiamycin M1
ARO:3000754	antibiotic sensitive peptidyl transferase (23S rRNA)	The bacterial 23S rRNA, at the P site of the 50S subunit, has peptidyl transferase activity and is responsible for peptide synthesis and elongation.	ARO:3000672	madumycin II
ARO:3000754	antibiotic sensitive peptidyl transferase (23S rRNA)	The bacterial 23S rRNA, at the P site of the 50S subunit, has peptidyl transferase activity and is responsible for peptide synthesis and elongation.	ARO:3000673	griseoviridin
ARO:3000754	antibiotic sensitive peptidyl transferase (23S rRNA)	The bacterial 23S rRNA, at the P site of the 50S subunit, has peptidyl transferase activity and is responsible for peptide synthesis and elongation.	ARO:3000674	dalfopristin
ARO:3000754	antibiotic sensitive peptidyl transferase (23S rRNA)	The bacterial 23S rRNA, at the P site of the 50S subunit, has peptidyl transferase activity and is responsible for peptide synthesis and elongation.	ARO:3000675	pristinamycin IB
ARO:3000754	antibiotic sensitive peptidyl transferase (23S rRNA)	The bacterial 23S rRNA, at the P site of the 50S subunit, has peptidyl transferase activity and is responsible for peptide synthesis and elongation.	ARO:3000677	virginiamycin S2
ARO:3000754	antibiotic sensitive peptidyl transferase (23S rRNA)	The bacterial 23S rRNA, at the P site of the 50S subunit, has peptidyl transferase activity and is responsible for peptide synthesis and elongation.	ARO:3000678	pristinamycin IC
ARO:3000754	antibiotic sensitive peptidyl transferase (23S rRNA)	The bacterial 23S rRNA, at the P site of the 50S subunit, has peptidyl transferase activity and is responsible for peptide synthesis and elongation.	ARO:3000679	vernamycin C
ARO:3000754	antibiotic sensitive peptidyl transferase (23S rRNA)	The bacterial 23S rRNA, at the P site of the 50S subunit, has peptidyl transferase activity and is responsible for peptide synthesis and elongation.	ARO:3000680	patricin A
ARO:3000754	antibiotic sensitive peptidyl transferase (23S rRNA)	The bacterial 23S rRNA, at the P site of the 50S subunit, has peptidyl transferase activity and is responsible for peptide synthesis and elongation.	ARO:3000681	patricin B
ARO:3000754	antibiotic sensitive peptidyl transferase (23S rRNA)	The bacterial 23S rRNA, at the P site of the 50S subunit, has peptidyl transferase activity and is responsible for peptide synthesis and elongation.	ARO:3000682	ostreogrycin B3
ARO:3000744	antibiotic sensitive dihydropteroate synthase	Dihydropteroate synthase catalyzes the conversion of p-aminobenzoic acid to dihydropteroic acid as part of the tetrahydrofolic acid biosynthetic pathway. Tetrahydrofolic acid is essential for folate synthesis, and a precursor of many nucleotides and amino acids. Inhibiting dihydropteroate leads to slow cell death, as bacteria can survive on existing folate storages for a few generations.	ARO:3000683	sulfacetamide
ARO:3000744	antibiotic sensitive dihydropteroate synthase	Dihydropteroate synthase catalyzes the conversion of p-aminobenzoic acid to dihydropteroic acid as part of the tetrahydrofolic acid biosynthetic pathway. Tetrahydrofolic acid is essential for folate synthesis, and a precursor of many nucleotides and amino acids. Inhibiting dihydropteroate leads to slow cell death, as bacteria can survive on existing folate storages for a few generations.	ARO:3000684	mafenide
ARO:3000717	antibiotic sensitive signal peptidase I	Signal peptidase I is a bacterial signal peptidase that cleaves signal peptides from translated proteins. These signal peptides direct proteins to their destination, and then must be cleaved in order to function.	ARO:3000685	arylomycin
ARO:3000757	50S ribosomal subunit P-site	The P-site of the ribosome binds the peptidyl-tRNA with the growing polypeptide chain, and is a common target for many antibiotics that inhibit the 50S ribosomal subunit. Some antibiotics (oxazolidinones) block the 50S subunit from interacting with the 30S subunit to prevent the formation of the ribosomal complex. Other antibiotics (thiostrepton) block the 50S subunit from interacting with elongation factors G and Tu (EF-G, Ef-Tu), preventing GTP-dependent reactions of peptidyl transferase, and translocation, respectively. Other antibiotics (macrolides) prevent protein translocation.	ARO:3000686	thiostrepton
ARO:3000742	anaerobe DNA	DNA in anaerobes are targeted by antibiotics that are converted to an active form in the anaerobe environment. For nitroimidazoles, the antibiotic is reduced to a highly oxidative intermediate that causes DNA oxidation and double-stranded breaks.	ARO:3000689	metronidazole
ARO:3000738	deoxyribonucleic acid	Antibiotics can target DNA to cause strand breaks or prevent transcription. The activity of these antibiotics can be context dependent: some antibiotics are converted to an active form only in certain species, while others target DNA as it is being transcribed.	ARO:3000690	bleomycinic acid
ARO:3000740	ribonucleic acid	Many types of ribonucleic acids (RNAs) are targeted by antibiotics, including mRNA templates and ribosomal RNA. Some antibiotics target all RNAs and cause strand breaks.	ARO:3000690	bleomycinic acid
ARO:3000738	deoxyribonucleic acid	Antibiotics can target DNA to cause strand breaks or prevent transcription. The activity of these antibiotics can be context dependent: some antibiotics are converted to an active form only in certain species, while others target DNA as it is being transcribed.	ARO:3000691	bleomycin A2
ARO:3000740	ribonucleic acid	Many types of ribonucleic acids (RNAs) are targeted by antibiotics, including mRNA templates and ribosomal RNA. Some antibiotics target all RNAs and cause strand breaks.	ARO:3000691	bleomycin A2
ARO:3000738	deoxyribonucleic acid	Antibiotics can target DNA to cause strand breaks or prevent transcription. The activity of these antibiotics can be context dependent: some antibiotics are converted to an active form only in certain species, while others target DNA as it is being transcribed.	ARO:3000692	bleomycin B2
ARO:3000740	ribonucleic acid	Many types of ribonucleic acids (RNAs) are targeted by antibiotics, including mRNA templates and ribosomal RNA. Some antibiotics target all RNAs and cause strand breaks.	ARO:3000692	bleomycin B2
ARO:3000710	cell membrane component targeted by antibiotic	Interaction with the cell membrane phospholipids interferes with membrane permeability and integrity, leading to the leakage of cell contents. The outer membrane of Gram-negative bacteria is particularly sensitive.	ARO:3000693	defensin
ARO:3000710	cell membrane component targeted by antibiotic	Interaction with the cell membrane phospholipids interferes with membrane permeability and integrity, leading to the leakage of cell contents. The outer membrane of Gram-negative bacteria is particularly sensitive.	ARO:3000694	magainin
ARO:3000741	transcription complex DNA	DNA in the transcriptional complex is partially unwound, allowing antibiotics to target exposed bases and prevent DNA transcription.	ARO:3000696	dactinomycin
ARO:3000744	antibiotic sensitive dihydropteroate synthase	Dihydropteroate synthase catalyzes the conversion of p-aminobenzoic acid to dihydropteroic acid as part of the tetrahydrofolic acid biosynthetic pathway. Tetrahydrofolic acid is essential for folate synthesis, and a precursor of many nucleotides and amino acids. Inhibiting dihydropteroate leads to slow cell death, as bacteria can survive on existing folate storages for a few generations.	ARO:3000698	sulfasalazine
ARO:3000744	antibiotic sensitive dihydropteroate synthase	Dihydropteroate synthase catalyzes the conversion of p-aminobenzoic acid to dihydropteroic acid as part of the tetrahydrofolic acid biosynthetic pathway. Tetrahydrofolic acid is essential for folate synthesis, and a precursor of many nucleotides and amino acids. Inhibiting dihydropteroate leads to slow cell death, as bacteria can survive on existing folate storages for a few generations.	ARO:3000699	sulfamethizole
ARO:3000755	antibiotic sensitive 16S rRNA	The 16S rRNA of the 30S ribosomal subunit helps to stabilize the aminoacyl-tRNAs for pairing with the mRNA codons. Some antibiotics (aminoglycosides) that target the 16S rRNA lead to mRNA misreading as well as premature termination. Other antibiotics (tetracyclines) that target the 16S rRNA prevent incoming charged-tRNAs from binding to the ribosome's A-site, stopping elongation.	ARO:3000700	lividomycin A
ARO:3000755	antibiotic sensitive 16S rRNA	The 16S rRNA of the 30S ribosomal subunit helps to stabilize the aminoacyl-tRNAs for pairing with the mRNA codons. Some antibiotics (aminoglycosides) that target the 16S rRNA lead to mRNA misreading as well as premature termination. Other antibiotics (tetracyclines) that target the 16S rRNA prevent incoming charged-tRNAs from binding to the ribosome's A-site, stopping elongation.	ARO:3000701	lividomycin B
ARO:3000749	beta-lactam sensitive penicillin-binding protein	Penicillin-binding proteins (PBPs) are responsible for transpeptidation, joining subunits to form peptidoglycan. They are numbered according to descending molecular weight, and may vary between species. These numbers represent the PBPs of E. coli. Inhibition of the larger PBPs responsible for transpeptidation (1-3) are lethal. Smaller PBPs (4-6) are involed in carboxypeptidation; inhibition of these is non-lethal.	ARO:3000704	cefalotin
ARO:3000743	1-deoxy-D-xylulose 5-phosphate reductoisomerase	This reductoisomerase is found in an alternate isoprenoid synthase pathway that is mevalonate independent. Isoprenoids are important precursors to many other macromolecules. This non-mevalonate pathway is used by plants and most bacteria, including mycobacteria, but not eukaryotes, allowing for selectivea action. Staphylococcus aureus and some other Gram-positive bacteria use a mevalonate-dependent pathway, and are resistant against 1-deoxy-D-xylose 5-phosphate reductoisomerase inhibitors.	ARO:3000758	fosmidomycin
ARO:3000730	elongation factor G	Elongation factor G (EF-G) provides energy for the translocation step in protein synthesis. Antibiotics that target EF-G allow one round of translocation but prevent EF-G from dissociating from the ribosome-RNA complex.	ARO:3000759	fusidic acid
ARO:3000722	cycloserine sensitive alr	Alanine racemase (alr) converts the natural L-alanine to the D-alanine required in the pentapeptide chains in peptidoglycan. It is found in both Gram-positive and Gram-negative bacteria.	ARO:3000760	cycloserine
ARO:3000723	cycloserine sensitive D-alanine synthetase	D-Alanine synthetase (or ligase), also known as ddla, joins two D-alanines before their addition to the pentapeptide chains of peptidoglycan. It is found in both Gram-positive and Gram-negative bacteria.	ARO:3000760	cycloserine
ARO:3000749	beta-lactam sensitive penicillin-binding protein	Penicillin-binding proteins (PBPs) are responsible for transpeptidation, joining subunits to form peptidoglycan. They are numbered according to descending molecular weight, and may vary between species. These numbers represent the PBPs of E. coli. Inhibition of the larger PBPs responsible for transpeptidation (1-3) are lethal. Smaller PBPs (4-6) are involed in carboxypeptidation; inhibition of these is non-lethal.	ARO:3000761	mecillinam
ARO:3000733	fluoroquinolone sensitive gyrA	DNA gyrase is responsible for DNA supercoiling and consists of two alpha and two beta subunits. Binding the alpha-subunit is sufficient to inhibit DNA supercoiling.	ARO:3000762	pefloxacin
ARO:3000735	Fluoroquinolone sensitive parC	parC is a subunit of the DNA topoisomerase IV and is sensitive to fluoroquinolone.	ARO:3000762	pefloxacin
ARO:3000720	acyl-D-alanyl-D-alanine	The acyl-D-alanyl-D-alanine group is found at the terminal end of the pentapeptide chains of peptidoglycan subunits. Antibiotics that bind to this group block the addition of subunits, inhibiting peptidoglycan synthesis. This group is most accessible in Gram-postive bacteria.	ARO:3000767	avoparcin
ARO:3000872	antibiotic sensitive enoyl-acyl carrier reductase	Enoyl-acyl carrier reductases catalyze the final enoyl reduction step in bacterial type II fatty acid elongation. Triclosan antibiotics block enoyl reduction and therefore fatty acid synthesis, functioning as a broad spectrum biocide and antibiotic.	ARO:3000870	triclosan
ARO:3000731	elongation factor Tu	Elongation factor Tu is required for peptide elongation in bacterial protein synthesis.	ARO:3001237	GE2270A
ARO:3000731	elongation factor Tu	Elongation factor Tu is required for peptide elongation in bacterial protein synthesis.	ARO:3001242	enacyloxin IIa
ARO:3000731	elongation factor Tu	Elongation factor Tu is required for peptide elongation in bacterial protein synthesis.	ARO:3001310	kirromycin-like antibiotics
ARO:3003439	antibiotic sensitive RNA polymerase switch region	The switch region is a structural element that mediates conformational changes and contacts required for RNAP to load DNA into the RNAP active-center cleft during transcription initiation. The switch region is located at the base of the RNAP clamp and serves as the hinge that mediates opening of the RNAP clamp to load DNA into the RNAP active-center cleft and mediates closing of the RNAP clamp to retain DNA in the RNAP active-center cleft.	ARO:3001319	fidaxomicin
ARO:3003231	Lipid II	Precursor molecule during the synthesis of bacterial cell wall. Lipid II anchors itself onto the cell and it's disaccharide-peptide subunit is used in PG polymer assembly by peptidoglycan glycosyltransferases. Due to it's importance in cell wall synthesis, it is the target of antibiotics.	ARO:3003241	teixobactin
ARO:3003232	Lipid III	Lipid III is the precursor to the wall teichoic acid. It's inhibition leads to bacterial death as teichoic acid is required to anchor autolysins which control the hydrolysis of peptidoglycan cell wall.	ARO:3003241	teixobactin
ARO:3000744	antibiotic sensitive dihydropteroate synthase	Dihydropteroate synthase catalyzes the conversion of p-aminobenzoic acid to dihydropteroic acid as part of the tetrahydrofolic acid biosynthetic pathway. Tetrahydrofolic acid is essential for folate synthesis, and a precursor of many nucleotides and amino acids. Inhibiting dihydropteroate leads to slow cell death, as bacteria can survive on existing folate storages for a few generations.	ARO:3003412	dapsone
ARO:3000731	elongation factor Tu	Elongation factor Tu is required for peptide elongation in bacterial protein synthesis.	ARO:3003414	LFF571
ARO:3003475	Antibiotic sensitive ethA	ethA is a monooxygenase that is able to convert a wide range of ketones to the corresponding esters or lactones via a Baeyer-Villiger oxidation reaction. Is responsible for the activation of several thiocarbamide-containing pro-drugs into cytotoxic species.	ARO:3003474	ethionamide
ARO:3003292	fluoroquinolone resistant gyrA	DNA gyrase is responsible for DNA supercoiling and consists of two alpha and two beta subunits. GyrA point mutations confer resistance by preventing fluoroquinolone antibiotics from binding the alpha-subunit.	ARO:3003780	nybomycin
ARO:3000749	beta-lactam sensitive penicillin-binding protein	Penicillin-binding proteins (PBPs) are responsible for transpeptidation, joining subunits to form peptidoglycan. They are numbered according to descending molecular weight, and may vary between species. These numbers represent the PBPs of E. coli. Inhibition of the larger PBPs responsible for transpeptidation (1-3) are lethal. Smaller PBPs (4-6) are involed in carboxypeptidation; inhibition of these is non-lethal.	ARO:3004001	cefmetazole
ARO:3000749	beta-lactam sensitive penicillin-binding protein	Penicillin-binding proteins (PBPs) are responsible for transpeptidation, joining subunits to form peptidoglycan. They are numbered according to descending molecular weight, and may vary between species. These numbers represent the PBPs of E. coli. Inhibition of the larger PBPs responsible for transpeptidation (1-3) are lethal. Smaller PBPs (4-6) are involed in carboxypeptidation; inhibition of these is non-lethal.	ARO:3004002	cefonicid
ARO:3000749	beta-lactam sensitive penicillin-binding protein	Penicillin-binding proteins (PBPs) are responsible for transpeptidation, joining subunits to form peptidoglycan. They are numbered according to descending molecular weight, and may vary between species. These numbers represent the PBPs of E. coli. Inhibition of the larger PBPs responsible for transpeptidation (1-3) are lethal. Smaller PBPs (4-6) are involed in carboxypeptidation; inhibition of these is non-lethal.	ARO:3004005	cefprozil
ARO:3000749	beta-lactam sensitive penicillin-binding protein	Penicillin-binding proteins (PBPs) are responsible for transpeptidation, joining subunits to form peptidoglycan. They are numbered according to descending molecular weight, and may vary between species. These numbers represent the PBPs of E. coli. Inhibition of the larger PBPs responsible for transpeptidation (1-3) are lethal. Smaller PBPs (4-6) are involed in carboxypeptidation; inhibition of these is non-lethal.	ARO:3004006	ceftiofur
ARO:3000749	beta-lactam sensitive penicillin-binding protein	Penicillin-binding proteins (PBPs) are responsible for transpeptidation, joining subunits to form peptidoglycan. They are numbered according to descending molecular weight, and may vary between species. These numbers represent the PBPs of E. coli. Inhibition of the larger PBPs responsible for transpeptidation (1-3) are lethal. Smaller PBPs (4-6) are involed in carboxypeptidation; inhibition of these is non-lethal.	ARO:3004007	ceftizoxime
ARO:3000749	beta-lactam sensitive penicillin-binding protein	Penicillin-binding proteins (PBPs) are responsible for transpeptidation, joining subunits to form peptidoglycan. They are numbered according to descending molecular weight, and may vary between species. These numbers represent the PBPs of E. coli. Inhibition of the larger PBPs responsible for transpeptidation (1-3) are lethal. Smaller PBPs (4-6) are involed in carboxypeptidation; inhibition of these is non-lethal.	ARO:3004008	cephapirin
ARO:3000749	beta-lactam sensitive penicillin-binding protein	Penicillin-binding proteins (PBPs) are responsible for transpeptidation, joining subunits to form peptidoglycan. They are numbered according to descending molecular weight, and may vary between species. These numbers represent the PBPs of E. coli. Inhibition of the larger PBPs responsible for transpeptidation (1-3) are lethal. Smaller PBPs (4-6) are involed in carboxypeptidation; inhibition of these is non-lethal.	ARO:3004009	cefradine
ARO:3000733	fluoroquinolone sensitive gyrA	DNA gyrase is responsible for DNA supercoiling and consists of two alpha and two beta subunits. Binding the alpha-subunit is sufficient to inhibit DNA supercoiling.	ARO:3004010	cinoxacin
ARO:3003261	fluoroquinolone sensitive gyrB	Beta-subunit of DNA gyrase sensitive to inhibition by fluoroquinolones.	ARO:3004010	cinoxacin
ARO:3000733	fluoroquinolone sensitive gyrA	DNA gyrase is responsible for DNA supercoiling and consists of two alpha and two beta subunits. Binding the alpha-subunit is sufficient to inhibit DNA supercoiling.	ARO:3004011	clinafloxacin
ARO:3003261	fluoroquinolone sensitive gyrB	Beta-subunit of DNA gyrase sensitive to inhibition by fluoroquinolones.	ARO:3004011	clinafloxacin
ARO:3000733	fluoroquinolone sensitive gyrA	DNA gyrase is responsible for DNA supercoiling and consists of two alpha and two beta subunits. Binding the alpha-subunit is sufficient to inhibit DNA supercoiling.	ARO:3004012	clofazimine
ARO:3003261	fluoroquinolone sensitive gyrB	Beta-subunit of DNA gyrase sensitive to inhibition by fluoroquinolones.	ARO:3004012	clofazimine
ARO:3000733	fluoroquinolone sensitive gyrA	DNA gyrase is responsible for DNA supercoiling and consists of two alpha and two beta subunits. Binding the alpha-subunit is sufficient to inhibit DNA supercoiling.	ARO:3004013	fleroxacin
ARO:3003261	fluoroquinolone sensitive gyrB	Beta-subunit of DNA gyrase sensitive to inhibition by fluoroquinolones.	ARO:3004013	fleroxacin
ARO:3000749	beta-lactam sensitive penicillin-binding protein	Penicillin-binding proteins (PBPs) are responsible for transpeptidation, joining subunits to form peptidoglycan. They are numbered according to descending molecular weight, and may vary between species. These numbers represent the PBPs of E. coli. Inhibition of the larger PBPs responsible for transpeptidation (1-3) are lethal. Smaller PBPs (4-6) are involed in carboxypeptidation; inhibition of these is non-lethal.	ARO:3004016	loracarbef
ARO:3000749	beta-lactam sensitive penicillin-binding protein	Penicillin-binding proteins (PBPs) are responsible for transpeptidation, joining subunits to form peptidoglycan. They are numbered according to descending molecular weight, and may vary between species. These numbers represent the PBPs of E. coli. Inhibition of the larger PBPs responsible for transpeptidation (1-3) are lethal. Smaller PBPs (4-6) are involed in carboxypeptidation; inhibition of these is non-lethal.	ARO:3004017	moxalactam
ARO:3000729	ribosomal complex	The ribosomal complex can be targeted by antibiotics that stabilize the entire complex and prevent further translation. These antibiotics target both subunits in the process of protein translation.	ARO:3009188	cycloheximide
