identifier	standard_inchi_key	phig_id	protein_accession	gene_id	taxon_id	taxon_label	strain_taxon_id	strain_label	modification	phenotype_id	phenotype_label	evidence_code	interaction_type	pmid	source_commit	source_retrieved_on
CHEBI:10023	BCEHBSKCWLPMDN-MGPLVRAMSA-N	PHIG:336	B8NFL5	AFLA_005443_t1	5059	Aspergillus flavus	332952	X26728	cyp51B(H399P, D411N) (amino acid mutation) [Not assayed]	PHIPO:0000590	resistance to voriconazole	Cell growth assay	antimicrobial_interaction	18775650	62e6a87a49397cba6ceb211b254d7ac8e5d09ff8	2026-09-01
CHEBI:10023	BCEHBSKCWLPMDN-MGPLVRAMSA-N	PHIG:336	B8NFL5	AFLA_005443_t1	5059	Aspergillus flavus	332952	X26728	cyp51B(T454P, T486P) (amino acid mutation) [Not assayed]	PHIPO:0000590	resistance to voriconazole	Cell growth assay	antimicrobial_interaction	18775650	62e6a87a49397cba6ceb211b254d7ac8e5d09ff8	2026-09-01
CHEBI:10023	BCEHBSKCWLPMDN-MGPLVRAMSA-N	PHIG:336	B8NFL5	AFLA_005443_t1	5059	Aspergillus flavus	332952	NRRL 3357	cyp51B+ (wild type) [Overexpression]	PHIPO:0000590	resistance to voriconazole	Cell growth assay	antimicrobial_interaction	22314539	62e6a87a49397cba6ceb211b254d7ac8e5d09ff8	2026-09-01
CHEBI:10023	BCEHBSKCWLPMDN-MGPLVRAMSA-N	PHIG:337	B8NUK6	AFLA_010303_t1	5059	Aspergillus flavus	332952	NRRL 3357	cyp51C-T788G(S240A) (amino acid mutation) [Wild type product level]	PHIPO:0000590	resistance to voriconazole	Cell growth assay	antimicrobial_interaction	22314539	62e6a87a49397cba6ceb211b254d7ac8e5d09ff8	2026-09-01
CHEBI:10023	BCEHBSKCWLPMDN-MGPLVRAMSA-N	PHIG:338	B8N2C8	AFLA_001488_t1	5059	Aspergillus flavus	332952	X26728	cyp51A(K197N) (amino acid mutation) [Not assayed]	PHIPO:0000590	resistance to voriconazole	Cell growth assay	antimicrobial_interaction	18775650	62e6a87a49397cba6ceb211b254d7ac8e5d09ff8	2026-09-01
CHEBI:10023	BCEHBSKCWLPMDN-MGPLVRAMSA-N	PHIG:338	B8N2C8	AFLA_001488_t1	5059	Aspergillus flavus	332952	X26728	cyp51A(K197N, D282E, M288L) (amino acid mutation) [Not assayed]	PHIPO:0000590	resistance to voriconazole	Cell growth assay	antimicrobial_interaction	18775650	62e6a87a49397cba6ceb211b254d7ac8e5d09ff8	2026-09-01
CHEBI:10023	BCEHBSKCWLPMDN-MGPLVRAMSA-N	PHIG:338	B8N2C8	AFLA_001488_t1	5059	Aspergillus flavus	332952	X26728	cyp51A(Y132N, T469S) (amino acid mutation) [Not assayed]	PHIPO:0000590	resistance to voriconazole	Cell growth assay	antimicrobial_interaction	18775650	62e6a87a49397cba6ceb211b254d7ac8e5d09ff8	2026-09-01
CHEBI:10023	BCEHBSKCWLPMDN-MGPLVRAMSA-N	PHIG:338	B8N2C8	AFLA_001488_t1	5059	Aspergillus flavus	332952	NRRL 3357	cyp51A+ (wild type) [Overexpression]	PHIPO:0000590	resistance to voriconazole	Cell growth assay	antimicrobial_interaction	22314539	62e6a87a49397cba6ceb211b254d7ac8e5d09ff8	2026-09-01
CHEBI:10023	BCEHBSKCWLPMDN-MGPLVRAMSA-N	PHIG:1668	Q870D1		5207	Cryptococcus neoformans		H99	ERG11 transformant(MRL862-ERG11(Y145F)) (transformant) [Not assayed]	PHIPO:0000590	resistance to voriconazole	Cell growth assay	antimicrobial_interaction	22155829	62e6a87a49397cba6ceb211b254d7ac8e5d09ff8	2026-09-01
CHEBI:10023	BCEHBSKCWLPMDN-MGPLVRAMSA-N	PHIG:1132	P10613	C5_00660C_A-T	5476	Candida albicans	237561	SC5314	ERG11(Y132F F145L) (amino acid mutation) [Not assayed]	PHIPO:0000590	resistance to voriconazole	Cell growth assay	antimicrobial_interaction	25385095	62e6a87a49397cba6ceb211b254d7ac8e5d09ff8	2026-09-01
CHEBI:10023	BCEHBSKCWLPMDN-MGPLVRAMSA-N	PHIG:1132	P10613	C5_00660C_A-T	5476	Candida albicans	237561	SC5314	ERG11(Y132F K143R) (amino acid mutation) [Not assayed]	PHIPO:0000590	resistance to voriconazole	Cell growth assay	antimicrobial_interaction	25385095	62e6a87a49397cba6ceb211b254d7ac8e5d09ff8	2026-09-01
CHEBI:10023	BCEHBSKCWLPMDN-MGPLVRAMSA-N	PHIG:1133	Q59VG6	C1_04770C_A-T	5476	Candida albicans	237561	SC5314	ERG3delta (deletion)	PHIPO:0000590	resistance to voriconazole	Cell growth assay	antimicrobial_interaction	28630186	62e6a87a49397cba6ceb211b254d7ac8e5d09ff8	2026-09-01
CHEBI:10023	BCEHBSKCWLPMDN-MGPLVRAMSA-N	PHIG:8772	G8B7T4		5480	Candida parapsilosis	578454	Unknown strain	ERG3delta (deletion)	PHIPO:0000590	resistance to voriconazole	Cell growth assay	antimicrobial_interaction	28630186	62e6a87a49397cba6ceb211b254d7ac8e5d09ff8	2026-09-01
CHEBI:10023	BCEHBSKCWLPMDN-MGPLVRAMSA-N	PHIG:8773	N0A5G3		5482	Candida tropicalis		1909	ERG3 transformant(JEY162-ERG3(S258F)) (transformant) [Not assayed]	PHIPO:0000590	resistance to voriconazole	Cell growth assay	antimicrobial_interaction	23629718	62e6a87a49397cba6ceb211b254d7ac8e5d09ff8	2026-09-01
CHEBI:10023	BCEHBSKCWLPMDN-MGPLVRAMSA-N	PHIG:8774	P14263	CTRG_05283-t43_1	5482	Candida tropicalis		1909	ERG11 transformant(JEY162-ERG11(824-955bpdelta + D275V) (transformant) [Not assayed]	PHIPO:0000590	resistance to voriconazole	Cell growth assay	antimicrobial_interaction	23629718	62e6a87a49397cba6ceb211b254d7ac8e5d09ff8	2026-09-01
CHEBI:10023	BCEHBSKCWLPMDN-MGPLVRAMSA-N	PHIG:1837	Q4WNT5	Afu4g06890-T	746128	Aspergillus fumigatus	330879	CM237	CYP51A transformant(CM2627-CYP51Apromoter(2x34bp tandem repeat) and CM2627-CYP51A(L98H)) (transformant) [Overexpression]	PHIPO:0000590	resistance to voriconazole	Cell growth assay	antimicrobial_interaction	17371828	62e6a87a49397cba6ceb211b254d7ac8e5d09ff8	2026-09-01
CHEBI:10023	BCEHBSKCWLPMDN-MGPLVRAMSA-N	PHIG:1837	Q4WNT5	Afu4g06890-T	746128	Aspergillus fumigatus	330879	F55064	cyp51A transformant(F33-cyp51A (G448S)) (transformant) [Not assayed]	PHIPO:0000590	resistance to voriconazole	Cell growth assay	antimicrobial_interaction	22897872	62e6a87a49397cba6ceb211b254d7ac8e5d09ff8	2026-09-01
CHEBI:10023	BCEHBSKCWLPMDN-MGPLVRAMSA-N	PHIG:1837	Q4WNT5	Afu4g06890-T	746128	Aspergillus fumigatus	330879	H27023	cyp51A(G448S) (amino acid mutation) [Not assayed]	PHIPO:0000590	resistance to voriconazole	Cell growth assay	antimicrobial_interaction	22897872	62e6a87a49397cba6ceb211b254d7ac8e5d09ff8	2026-09-01
CHEBI:10023	BCEHBSKCWLPMDN-MGPLVRAMSA-N	PHIG:1837	Q4WNT5	Afu4g06890-T	746128	Aspergillus fumigatus	330879	W73355	cyp51A(G448S) (amino acid mutation) [Not assayed]	PHIPO:0000590	resistance to voriconazole	Cell growth assay	antimicrobial_interaction	22897872	62e6a87a49397cba6ceb211b254d7ac8e5d09ff8	2026-09-01
CHEBI:10023	BCEHBSKCWLPMDN-MGPLVRAMSA-N	PHIG:1837	Q4WNT5	Afu4g06890-T	746128	Aspergillus fumigatus	330879	F55064	cyp51A(G448S) (amino acid mutation) [Not assayed]	PHIPO:0000590	resistance to voriconazole	Cell growth assay	antimicrobial_interaction	22897872	62e6a87a49397cba6ceb211b254d7ac8e5d09ff8	2026-09-01
CHEBI:10023	BCEHBSKCWLPMDN-MGPLVRAMSA-N	PHIG:8689	B0Y628		746128	Aspergillus fumigatus	451804	A1160C	cox10 transformant(W004-cox10(R243Q)) (transformant) [Not assayed]	PHIPO:0000590	resistance to voriconazole	Cell growth assay	antimicrobial_interaction	27799210	62e6a87a49397cba6ceb211b254d7ac8e5d09ff8	2026-09-01
CHEBI:10023	BCEHBSKCWLPMDN-MGPLVRAMSA-N	PHIG:8691	Q4WDM9		746128	Aspergillus fumigatus	330879	akuBKU80	HapE transformant(Isolate3-HapE(P88L)) (transformant) [Not assayed]	PHIPO:0000590	resistance to voriconazole	Cell growth assay	antimicrobial_interaction	23226235	62e6a87a49397cba6ceb211b254d7ac8e5d09ff8	2026-09-01
CHEBI:136340	QGTOTYJSCYHYFK-RBODFLQRSA-N	PHIG:954	Q6X9S4		1047171	Zymoseptoria tritici		IPO323	CytB(G37V) (amino acid mutation) [Not assayed]	PHIPO:0001291	resistance to fenpicoxamid	Cell growth assay	antimicrobial_interaction	34490974	62e6a87a49397cba6ceb211b254d7ac8e5d09ff8	2026-09-01
CHEBI:136340	QGTOTYJSCYHYFK-RBODFLQRSA-N	PHIG:954	Q6X9S4		1047171	Zymoseptoria tritici		37-16	CytB(G37V) (amino acid mutation) [Not assayed]	PHIPO:0001291	resistance to fenpicoxamid	Cell growth assay	antimicrobial_interaction	34490974	62e6a87a49397cba6ceb211b254d7ac8e5d09ff8	2026-09-01
CHEBI:16240	MHAJPDPJQMAIIY-UHFFFAOYSA-N	PHIG:11310	P9WHZ3		1773	Mycobacterium tuberculosis	83332	H37Rv	Ppe44+ (wild type) [Overexpression]	PHIPO:0000632	resistance to hydrogen peroxide	Macroscopic observation (quantitative observation)	antimicrobial_interaction	28743081	62e6a87a49397cba6ceb211b254d7ac8e5d09ff8	2026-09-01
CHEBI:16240	MHAJPDPJQMAIIY-UHFFFAOYSA-N	PHIG:10915	G4N021		318829	Magnaporthe oryzae	242507	Guy11	Des1delta (deletion)	PHIPO:0000632	resistance to hydrogen peroxide	Cell growth assay	antimicrobial_interaction	38056173	62e6a87a49397cba6ceb211b254d7ac8e5d09ff8	2026-09-01
CHEBI:16240	MHAJPDPJQMAIIY-UHFFFAOYSA-N	PHIG:10429	I1RPK0		5518	Fusarium graminearum	229533	PH-1	Ndk1delta (deletion)	PHIPO:0000632	resistance to hydrogen peroxide	Cell growth assay	antimicrobial_interaction	41277790	62e6a87a49397cba6ceb211b254d7ac8e5d09ff8	2026-09-01
CHEBI:16240	MHAJPDPJQMAIIY-UHFFFAOYSA-N	PHIG:264	I1S9X9	FGRAMPH1_01T26133	5518	Fusarium graminearum	229533	PH-1	ATG9delta (deletion)	PHIPO:0000632	resistance to hydrogen peroxide	Cell growth assay	antimicrobial_interaction	30044782	62e6a87a49397cba6ceb211b254d7ac8e5d09ff8	2026-09-01
CHEBI:16240	MHAJPDPJQMAIIY-UHFFFAOYSA-N	PHIG:7590	P0C431	FGRAMPH1_01T26671	5518	Fusarium graminearum	229533	PH-1	OS-2delta (deletion)	PHIPO:0000632	resistance to hydrogen peroxide	Cell growth assay	antimicrobial_interaction	22591226	62e6a87a49397cba6ceb211b254d7ac8e5d09ff8	2026-09-01
CHEBI:16240	MHAJPDPJQMAIIY-UHFFFAOYSA-N	PHIG:8901	I1RCN2		5518	Fusarium graminearum	229533	PH-1	Hdf1delta (deletion)	PHIPO:0000632	resistance to hydrogen peroxide	Cell growth assay	antimicrobial_interaction	21138346	62e6a87a49397cba6ceb211b254d7ac8e5d09ff8	2026-09-01
CHEBI:27641	YPHMISFOHDHNIV-FSZOTQKASA-N	PHIG:1805	P38637	YIR011C_mRNA	4932	Saccharomyces cerevisiae	559292	YPH501	STS1+ (wild type) [Overexpression]	PHIPO:0000544	resistance to cycloheximide	Cell growth assay	antimicrobial_interaction	8307980	62e6a87a49397cba6ceb211b254d7ac8e5d09ff8	2026-09-01
CHEBI:28909	ONUFESLQCSAYKA-UHFFFAOYSA-N	PHIG:9481	Q1KTF2	Mycgr3T76502	1047171	Zymoseptoria tritici	336722	IPO323	Hog1::Hyg (disruption) [Not assayed]	PHIPO:0000389	resistance to iprodione	Cell growth assay	antimicrobial_interaction	17073308	62e6a87a49397cba6ceb211b254d7ac8e5d09ff8	2026-09-01
CHEBI:28909	ONUFESLQCSAYKA-UHFFFAOYSA-N	PHIG:4721	A0A384J5Y1		40559	Botrytis cinerea	332648	Bt6-4	Bos1(18.3 (55bp) duplication 835 + 838stop) (amino acid insertion and mutation) [Not assayed]	PHIPO:0000389	resistance to iprodione	Cell growth assay	antimicrobial_interaction	30686204	62e6a87a49397cba6ceb211b254d7ac8e5d09ff8	2026-09-01
CHEBI:28909	ONUFESLQCSAYKA-UHFFFAOYSA-N	PHIG:4721	A0A384J5Y1		40559	Botrytis cinerea	332648	Bt3-4	Bos1(E253D) (amino acid mutation) [Not assayed]	PHIPO:0000389	resistance to iprodione	Cell growth assay	antimicrobial_interaction	30686204	62e6a87a49397cba6ceb211b254d7ac8e5d09ff8	2026-09-01
CHEBI:28909	ONUFESLQCSAYKA-UHFFFAOYSA-N	PHIG:4721	A0A384J5Y1		40559	Botrytis cinerea	332648	Yc-6	Bos1(G415D) (amino acid mutation) [Not assayed]	PHIPO:0000389	resistance to iprodione	Cell growth assay	antimicrobial_interaction	30686204	62e6a87a49397cba6ceb211b254d7ac8e5d09ff8	2026-09-01
CHEBI:28909	ONUFESLQCSAYKA-UHFFFAOYSA-N	PHIG:4721	A0A384J5Y1		40559	Botrytis cinerea	332648	Nj5-10	Bos1(Q846stop) (nonsense mutation) [Not assayed]	PHIPO:0000389	resistance to iprodione	Cell growth assay	antimicrobial_interaction	30686204	62e6a87a49397cba6ceb211b254d7ac8e5d09ff8	2026-09-01
CHEBI:28909	ONUFESLQCSAYKA-UHFFFAOYSA-N	PHIG:4721	A0A384J5Y1		40559	Botrytis cinerea	332648	B05.10	bos1(A493T) (amino acid mutation) [Not assayed]	PHIPO:0000389	resistance to iprodione	Cell growth assay	antimicrobial_interaction	22912706	62e6a87a49397cba6ceb211b254d7ac8e5d09ff8	2026-09-01
CHEBI:28909	ONUFESLQCSAYKA-UHFFFAOYSA-N	PHIG:4721	A0A384J5Y1		40559	Botrytis cinerea	332648	B05.10	bos1(G278D) (amino acid mutation) [Not assayed]	PHIPO:0000389	resistance to iprodione	Cell growth assay	antimicrobial_interaction	22912706	62e6a87a49397cba6ceb211b254d7ac8e5d09ff8	2026-09-01
CHEBI:28909	ONUFESLQCSAYKA-UHFFFAOYSA-N	PHIG:4721	A0A384J5Y1		40559	Botrytis cinerea	332648	B05.10	bos1(G415D) (amino acid mutation) [Not assayed]	PHIPO:0000389	resistance to iprodione	Cell growth assay	antimicrobial_interaction	22912706	62e6a87a49397cba6ceb211b254d7ac8e5d09ff8	2026-09-01
CHEBI:28909	ONUFESLQCSAYKA-UHFFFAOYSA-N	PHIG:4721	A0A384J5Y1		40559	Botrytis cinerea	332648	B05.10	bos1(I365S E529A) (amino acid mutation) [Not assayed]	PHIPO:0000389	resistance to iprodione	Cell growth assay	antimicrobial_interaction	22912706	62e6a87a49397cba6ceb211b254d7ac8e5d09ff8	2026-09-01
CHEBI:28909	ONUFESLQCSAYKA-UHFFFAOYSA-N	PHIG:4721	A0A384J5Y1		40559	Botrytis cinerea	332648	B05.10	bos1(I365S M427T) (amino acid mutation) [Not assayed]	PHIPO:0000389	resistance to iprodione	Cell growth assay	antimicrobial_interaction	22912706	62e6a87a49397cba6ceb211b254d7ac8e5d09ff8	2026-09-01
CHEBI:28909	ONUFESLQCSAYKA-UHFFFAOYSA-N	PHIG:4721	A0A384J5Y1		40559	Botrytis cinerea	332648	B05.10	bos1(I365S T581P) (amino acid mutation) [Not assayed]	PHIPO:0000389	resistance to iprodione	Cell growth assay	antimicrobial_interaction	22912706	62e6a87a49397cba6ceb211b254d7ac8e5d09ff8	2026-09-01
CHEBI:28909	ONUFESLQCSAYKA-UHFFFAOYSA-N	PHIG:4721	A0A384J5Y1		40559	Botrytis cinerea	332648	B05.10	bos1(I365S V239F) (amino acid mutation) [Not assayed]	PHIPO:0000389	resistance to iprodione	Cell growth assay	antimicrobial_interaction	22912706	62e6a87a49397cba6ceb211b254d7ac8e5d09ff8	2026-09-01
CHEBI:28909	ONUFESLQCSAYKA-UHFFFAOYSA-N	PHIG:4721	A0A384J5Y1		40559	Botrytis cinerea	332648	B05.10	bos1(I365S) (amino acid mutation) [Not assayed]	PHIPO:0000389	resistance to iprodione	Cell growth assay	antimicrobial_interaction	22912706	62e6a87a49397cba6ceb211b254d7ac8e5d09ff8	2026-09-01
CHEBI:28909	ONUFESLQCSAYKA-UHFFFAOYSA-N	PHIG:10483	A7EQI8		5180	Sclerotinia sclerotiorum	665079	Scl02-05	Hog1delta (deletion)	PHIPO:0000389	resistance to iprodione	Macroscopic observation (qualitative observation)	antimicrobial_interaction	38374637	62e6a87a49397cba6ceb211b254d7ac8e5d09ff8	2026-09-01
CHEBI:28909	ONUFESLQCSAYKA-UHFFFAOYSA-N	PHIG:7818	A7F519		5180	Sclerotinia sclerotiorum	665079	Scl02-05	Shk1delta (deletion)	PHIPO:0000389	resistance to iprodione	Macroscopic observation (qualitative observation)	antimicrobial_interaction	38374637	62e6a87a49397cba6ceb211b254d7ac8e5d09ff8	2026-09-01
CHEBI:3392	TWFZGCMQGLPBSX-UHFFFAOYSA-N	PHIG:9015	W7M0I3		117187	Fusarium verticillioides	334819	SJ51	βtub-Q134L(Q134L) (amino acid mutation) [Not assayed]	PHIPO:0000383	resistance to carbendazim	Cell growth assay	antimicrobial_interaction	30732567	62e6a87a49397cba6ceb211b254d7ac8e5d09ff8	2026-09-01
CHEBI:3392	TWFZGCMQGLPBSX-UHFFFAOYSA-N	PHIG:11441	G2XFG4		27337	Verticillium dahliae	498257	V592	Mfs2delta (deletion)	PHIPO:0000383	resistance to carbendazim	Cell growth assay	antimicrobial_interaction	42112916	62e6a87a49397cba6ceb211b254d7ac8e5d09ff8	2026-09-01
CHEBI:3392	TWFZGCMQGLPBSX-UHFFFAOYSA-N	PHIG:3596	P02557	YFL037W_mRNA	4932	Saccharomyces cerevisiae	559292	W303-1A	TUB2(F167Y) (amino acid mutation) [Not assayed]	PHIPO:0000383	resistance to carbendazim	Cell growth assay	antimicrobial_interaction	8641470	62e6a87a49397cba6ceb211b254d7ac8e5d09ff8	2026-09-01
CHEBI:3392	TWFZGCMQGLPBSX-UHFFFAOYSA-N	PHIG:2162	P53374		5127	Fusarium fujikuroi		HC30	βtub-T351I(T351I) (amino acid mutation) [Not assayed]	PHIPO:0000383	resistance to carbendazim	Cell growth assay	antimicrobial_interaction	30732567	62e6a87a49397cba6ceb211b254d7ac8e5d09ff8	2026-09-01
CHEBI:3392	TWFZGCMQGLPBSX-UHFFFAOYSA-N	PHIG:2858	P05220	EAA28433	5141	Neurospora crassa (strain ATCC 24698 / 74-OR23-1A / CBS 708.71 / DSM 1257 / FGSC 987)	367110	74-OR31-14a	βTub transformant(F914-βTub(E198G)) (transformant) [Ectopic]	PHIPO:0000383	resistance to carbendazim	Cell growth assay	antimicrobial_interaction	1388107	62e6a87a49397cba6ceb211b254d7ac8e5d09ff8	2026-09-01
CHEBI:3392	TWFZGCMQGLPBSX-UHFFFAOYSA-N	PHIG:612	Q4HZS8	FGRAMPH1_01T26865	5518	Fusarium graminearum	229533	2021	β2tub-E198K(E198K) (amino acid mutation) [Wild type product level]	PHIPO:0000383	resistance to carbendazim	Cell growth assay	antimicrobial_interaction	21077124	62e6a87a49397cba6ceb211b254d7ac8e5d09ff8	2026-09-01
CHEBI:3392	TWFZGCMQGLPBSX-UHFFFAOYSA-N	PHIG:612	Q4HZS8	FGRAMPH1_01T26865	5518	Fusarium graminearum	229533	2021	β2tub-E198Q(E198Q) (amino acid mutation) [Wild type product level]	PHIPO:0000383	resistance to carbendazim	Cell growth assay	antimicrobial_interaction	21077124	62e6a87a49397cba6ceb211b254d7ac8e5d09ff8	2026-09-01
CHEBI:3392	TWFZGCMQGLPBSX-UHFFFAOYSA-N	PHIG:612	Q4HZS8	FGRAMPH1_01T26865	5518	Fusarium graminearum	229533	2021	β2tub-F167Y(F167Y) (amino acid mutation) [Wild type product level]	PHIPO:0000383	resistance to carbendazim	Cell growth assay	antimicrobial_interaction	21077124	62e6a87a49397cba6ceb211b254d7ac8e5d09ff8	2026-09-01
CHEBI:3392	TWFZGCMQGLPBSX-UHFFFAOYSA-N	PHIG:612	Q4HZS8	FGRAMPH1_01T26865	5518	Fusarium graminearum	229533	2021	β2tub-F200Y(F200Y) (amino acid mutation) [Wild type product level]	PHIPO:0000383	resistance to carbendazim	Cell growth assay	antimicrobial_interaction	21077124	62e6a87a49397cba6ceb211b254d7ac8e5d09ff8	2026-09-01
CHEBI:3392	TWFZGCMQGLPBSX-UHFFFAOYSA-N	PHIG:612	Q4HZS8	FGRAMPH1_01T26865	5518	Fusarium graminearum	229533	2021	β2tub-Y50C(Y50C) (amino acid mutation) [Wild type product level]	PHIPO:0000383	resistance to carbendazim	Cell growth assay	antimicrobial_interaction	21077124	62e6a87a49397cba6ceb211b254d7ac8e5d09ff8	2026-09-01
CHEBI:3392	TWFZGCMQGLPBSX-UHFFFAOYSA-N	PHIG:612	Q4HZS8	FGRAMPH1_01T26865	5518	Fusarium graminearum	229533	2021	βTub transformant(JT04-βTub(Q73R E198L)) (transformant) [Ectopic]	PHIPO:0000383	resistance to carbendazim	Cell growth assay	antimicrobial_interaction	19900007	62e6a87a49397cba6ceb211b254d7ac8e5d09ff8	2026-09-01
CHEBI:3392	TWFZGCMQGLPBSX-UHFFFAOYSA-N	PHIG:612	Q4HZS8	FGRAMPH1_01T26865	5518	Fusarium graminearum	229533	2021	βTub transformant(R9-βTub(F167Y)) (transformant) [Ectopic]	PHIPO:0000383	resistance to carbendazim	Cell growth assay	antimicrobial_interaction	19900007	62e6a87a49397cba6ceb211b254d7ac8e5d09ff8	2026-09-01
CHEBI:3405	GYSSRZJIHXQEHQ-UHFFFAOYSA-N	PHIG:4137	O42772		1047171	Zymoseptoria tritici		Unknown strain	SDH2 transformant(Cbx02-SDH2(H267Y)) (transformant) [Ectopic]	PHIPO:0000377	resistance to carboxin	Cell growth assay	antimicrobial_interaction	9871122	62e6a87a49397cba6ceb211b254d7ac8e5d09ff8	2026-09-01
CHEBI:3405	GYSSRZJIHXQEHQ-UHFFFAOYSA-N	PHIG:4137	O42772		1047171	Zymoseptoria tritici		IPO323	SDHB transformant(Cbx1-SDHB(I269V)) (transformant) [Not assayed]	PHIPO:0000377	resistance to carboxin	Cell growth assay	antimicrobial_interaction	22536383	62e6a87a49397cba6ceb211b254d7ac8e5d09ff8	2026-09-01
CHEBI:3405	GYSSRZJIHXQEHQ-UHFFFAOYSA-N	PHIG:4137	O42772		1047171	Zymoseptoria tritici		IPO323	SDHB transformant(Cbx28-SDHB(H267Y)) (transformant) [Not assayed]	PHIPO:0000377	resistance to carboxin	Cell growth assay	antimicrobial_interaction	22536383	62e6a87a49397cba6ceb211b254d7ac8e5d09ff8	2026-09-01
CHEBI:3405	GYSSRZJIHXQEHQ-UHFFFAOYSA-N	PHIG:4137	O42772		1047171	Zymoseptoria tritici		IPO323	SDHB transformant(Cbx29-SDHB(H267L)) (transformant) [Not assayed]	PHIPO:0000377	resistance to carboxin	Cell growth assay	antimicrobial_interaction	22536383	62e6a87a49397cba6ceb211b254d7ac8e5d09ff8	2026-09-01
CHEBI:3405	GYSSRZJIHXQEHQ-UHFFFAOYSA-N	PHIG:4137	O42772		1047171	Zymoseptoria tritici		IPO323	SDHB transformant(Cbx56-SDHB(R265P)) (transformant) [Not assayed]	PHIPO:0000377	resistance to carboxin	Cell growth assay	antimicrobial_interaction	22536383	62e6a87a49397cba6ceb211b254d7ac8e5d09ff8	2026-09-01
CHEBI:3405	GYSSRZJIHXQEHQ-UHFFFAOYSA-N	PHIG:4137	O42772		1047171	Zymoseptoria tritici		IPO323	SdhB(C137R) (amino acid mutation) [Not assayed]	PHIPO:0000377	resistance to carboxin	Cell growth assay	antimicrobial_interaction	21933337	62e6a87a49397cba6ceb211b254d7ac8e5d09ff8	2026-09-01
CHEBI:3405	GYSSRZJIHXQEHQ-UHFFFAOYSA-N	PHIG:4137	O42772		1047171	Zymoseptoria tritici		IPO323	SdhB(H267F) (amino acid mutation) [Not assayed]	PHIPO:0000377	resistance to carboxin	Cell growth assay	antimicrobial_interaction	21933337	62e6a87a49397cba6ceb211b254d7ac8e5d09ff8	2026-09-01
CHEBI:3405	GYSSRZJIHXQEHQ-UHFFFAOYSA-N	PHIG:4137	O42772		1047171	Zymoseptoria tritici		IPO323	SdhB(H267L) (amino acid mutation) [Not assayed]	PHIPO:0000377	resistance to carboxin	Cell growth assay	antimicrobial_interaction	21933337	62e6a87a49397cba6ceb211b254d7ac8e5d09ff8	2026-09-01
CHEBI:3405	GYSSRZJIHXQEHQ-UHFFFAOYSA-N	PHIG:4137	O42772		1047171	Zymoseptoria tritici		IPO323	SdhB(H267L) (amino acid mutation) [Not assayed]	PHIPO:0000377	resistance to carboxin	Cell growth assay	antimicrobial_interaction	26092798	62e6a87a49397cba6ceb211b254d7ac8e5d09ff8	2026-09-01
CHEBI:3405	GYSSRZJIHXQEHQ-UHFFFAOYSA-N	PHIG:4137	O42772		1047171	Zymoseptoria tritici		IPO323	SdhB(H267N) (amino acid mutation) [Not assayed]	PHIPO:0000377	resistance to carboxin	Cell growth assay	antimicrobial_interaction	21933337	62e6a87a49397cba6ceb211b254d7ac8e5d09ff8	2026-09-01
CHEBI:3405	GYSSRZJIHXQEHQ-UHFFFAOYSA-N	PHIG:4137	O42772		1047171	Zymoseptoria tritici		IRE30	SdhB(H267N) (amino acid mutation) [Not assayed]	PHIPO:0000377	resistance to carboxin	Cell growth assay	antimicrobial_interaction	21933337	62e6a87a49397cba6ceb211b254d7ac8e5d09ff8	2026-09-01
CHEBI:3405	GYSSRZJIHXQEHQ-UHFFFAOYSA-N	PHIG:4137	O42772		1047171	Zymoseptoria tritici		IRE30	SdhB(H267Y) (amino acid mutation) [Not assayed]	PHIPO:0000377	resistance to carboxin	Cell growth assay	antimicrobial_interaction	21933337	62e6a87a49397cba6ceb211b254d7ac8e5d09ff8	2026-09-01
CHEBI:3405	GYSSRZJIHXQEHQ-UHFFFAOYSA-N	PHIG:4137	O42772		1047171	Zymoseptoria tritici		IPO323	SdhB(H267Y) (amino acid mutation) [Not assayed]	PHIPO:0000377	resistance to carboxin	Cell growth assay	antimicrobial_interaction	21933337	62e6a87a49397cba6ceb211b254d7ac8e5d09ff8	2026-09-01
CHEBI:3405	GYSSRZJIHXQEHQ-UHFFFAOYSA-N	PHIG:4137	O42772		1047171	Zymoseptoria tritici		IPO323	SdhB(I269V) (amino acid mutation) [Not assayed]	PHIPO:0000377	resistance to carboxin	Cell growth assay	antimicrobial_interaction	21933337	62e6a87a49397cba6ceb211b254d7ac8e5d09ff8	2026-09-01
CHEBI:3405	GYSSRZJIHXQEHQ-UHFFFAOYSA-N	PHIG:4137	O42772		1047171	Zymoseptoria tritici		IRE30	SdhB(P155L, H267Y) (amino acid mutation) [Not assayed]	PHIPO:0000377	resistance to carboxin	Cell growth assay	antimicrobial_interaction	21933337	62e6a87a49397cba6ceb211b254d7ac8e5d09ff8	2026-09-01
CHEBI:3405	GYSSRZJIHXQEHQ-UHFFFAOYSA-N	PHIG:4137	O42772		1047171	Zymoseptoria tritici		IPO323	SdhB(R265P) (amino acid mutation) [Not assayed]	PHIPO:0000377	resistance to carboxin	Cell growth assay	antimicrobial_interaction	21933337	62e6a87a49397cba6ceb211b254d7ac8e5d09ff8	2026-09-01
CHEBI:3405	GYSSRZJIHXQEHQ-UHFFFAOYSA-N	PHIG:4137	O42772		1047171	Zymoseptoria tritici		IPO323	SdhB(S221P) (amino acid mutation) [Not assayed]	PHIPO:0000377	resistance to carboxin	Cell growth assay	antimicrobial_interaction	21933337	62e6a87a49397cba6ceb211b254d7ac8e5d09ff8	2026-09-01
CHEBI:3405	GYSSRZJIHXQEHQ-UHFFFAOYSA-N	PHIG:4137	O42772		1047171	Zymoseptoria tritici		IRE30	SdhB(S221P) (amino acid mutation) [Not assayed]	PHIPO:0000377	resistance to carboxin	Cell growth assay	antimicrobial_interaction	21933337	62e6a87a49397cba6ceb211b254d7ac8e5d09ff8	2026-09-01
CHEBI:3405	GYSSRZJIHXQEHQ-UHFFFAOYSA-N	PHIG:4137	O42772		1047171	Zymoseptoria tritici		IPO323	SdhB(S221T) (amino acid mutation) [Not assayed]	PHIPO:0000377	resistance to carboxin	Cell growth assay	antimicrobial_interaction	21933337	62e6a87a49397cba6ceb211b254d7ac8e5d09ff8	2026-09-01
CHEBI:3405	GYSSRZJIHXQEHQ-UHFFFAOYSA-N	PHIG:9472	F9X9V6		1047171	Zymoseptoria tritici	336722	IPO323	SDHD transformant(Cbx67-SDHD(D129G)) (transformant) [Not assayed]	PHIPO:0000377	resistance to carboxin	Cell growth assay	antimicrobial_interaction	22536383	62e6a87a49397cba6ceb211b254d7ac8e5d09ff8	2026-09-01
CHEBI:3405	GYSSRZJIHXQEHQ-UHFFFAOYSA-N	PHIG:9472	F9X9V6		1047171	Zymoseptoria tritici	336722	IRE30	SdhD(D129E) (amino acid mutation) [Not assayed]	PHIPO:0000377	resistance to carboxin	Cell growth assay	antimicrobial_interaction	21933337	62e6a87a49397cba6ceb211b254d7ac8e5d09ff8	2026-09-01
CHEBI:3405	GYSSRZJIHXQEHQ-UHFFFAOYSA-N	PHIG:9472	F9X9V6		1047171	Zymoseptoria tritici	336722	IPO323	SdhD(D129E) (amino acid mutation) [Not assayed]	PHIPO:0000377	resistance to carboxin	Cell growth assay	antimicrobial_interaction	21933337	62e6a87a49397cba6ceb211b254d7ac8e5d09ff8	2026-09-01
CHEBI:3405	GYSSRZJIHXQEHQ-UHFFFAOYSA-N	PHIG:9472	F9X9V6		1047171	Zymoseptoria tritici	336722	IPO323	SdhD(D129T) (amino acid mutation) [Not assayed]	PHIPO:0000377	resistance to carboxin	Cell growth assay	antimicrobial_interaction	21933337	62e6a87a49397cba6ceb211b254d7ac8e5d09ff8	2026-09-01
CHEBI:3405	GYSSRZJIHXQEHQ-UHFFFAOYSA-N	PHIG:9472	F9X9V6		1047171	Zymoseptoria tritici	336722	IPO323	SdhD(I127V) (amino acid mutation) [Not assayed]	PHIPO:0000377	resistance to carboxin	Cell growth assay	antimicrobial_interaction	21933337	62e6a87a49397cba6ceb211b254d7ac8e5d09ff8	2026-09-01
CHEBI:3405	GYSSRZJIHXQEHQ-UHFFFAOYSA-N	PHIG:9475	F9XH52		1047171	Zymoseptoria tritici	336722	IPO323	SDHC transformant(Izm1-SDHC(H152R)) (transformant) [Not assayed]	PHIPO:0000377	resistance to carboxin	Cell growth assay	antimicrobial_interaction	22536383	62e6a87a49397cba6ceb211b254d7ac8e5d09ff8	2026-09-01
CHEBI:3405	GYSSRZJIHXQEHQ-UHFFFAOYSA-N	PHIG:9475	F9XH52		1047171	Zymoseptoria tritici	336722	IPO323	SDHC transformant(Izm7-SDHC(N86K)) (transformant) [Not assayed]	PHIPO:0000377	resistance to carboxin	Cell growth assay	antimicrobial_interaction	22536383	62e6a87a49397cba6ceb211b254d7ac8e5d09ff8	2026-09-01
CHEBI:3405	GYSSRZJIHXQEHQ-UHFFFAOYSA-N	PHIG:9475	F9XH52		1047171	Zymoseptoria tritici	336722	IPO323	SdhC(L85P) (amino acid mutation) [Not assayed]	PHIPO:0000377	resistance to carboxin	Cell growth assay	antimicrobial_interaction	21933337	62e6a87a49397cba6ceb211b254d7ac8e5d09ff8	2026-09-01
CHEBI:3405	GYSSRZJIHXQEHQ-UHFFFAOYSA-N	PHIG:9475	F9XH52		1047171	Zymoseptoria tritici	336722	IPO323	SdhC(N86K) (amino acid mutation) [Not assayed]	PHIPO:0000377	resistance to carboxin	Cell growth assay	antimicrobial_interaction	21933337	62e6a87a49397cba6ceb211b254d7ac8e5d09ff8	2026-09-01
CHEBI:3405	GYSSRZJIHXQEHQ-UHFFFAOYSA-N	PHIG:3434	A0A1S6KZ79		112498	Ramularia collo-cygni		DK05	SdhB(N224I) (amino acid mutation) [Not assayed]	PHIPO:0000377	resistance to carboxin	Cell growth assay	antimicrobial_interaction	27644008	62e6a87a49397cba6ceb211b254d7ac8e5d09ff8	2026-09-01
CHEBI:3405	GYSSRZJIHXQEHQ-UHFFFAOYSA-N	PHIG:3435	A0A1S6KZ87		112498	Ramularia collo-cygni		DK05	SdhC(H142Q) (amino acid mutation) [Not assayed]	PHIPO:0000377	resistance to carboxin	Cell growth assay	antimicrobial_interaction	27644008	62e6a87a49397cba6ceb211b254d7ac8e5d09ff8	2026-09-01
CHEBI:3405	GYSSRZJIHXQEHQ-UHFFFAOYSA-N	PHIG:3435	A0A1S6KZ87		112498	Ramularia collo-cygni		DK05	SdhC(H142R) (amino acid mutation) [Not assayed]	PHIPO:0000377	resistance to carboxin	Cell growth assay	antimicrobial_interaction	27644008	62e6a87a49397cba6ceb211b254d7ac8e5d09ff8	2026-09-01
CHEBI:3405	GYSSRZJIHXQEHQ-UHFFFAOYSA-N	PHIG:9109	G4NE45		318829	Magnaporthe oryzae	242507	Guy11	Mosdi1(H245L) (amino acid mutation) [Not assayed]	PHIPO:0000377	resistance to carboxin	Cell growth assay	antimicrobial_interaction	27558019	62e6a87a49397cba6ceb211b254d7ac8e5d09ff8	2026-09-01
CHEBI:3405	GYSSRZJIHXQEHQ-UHFFFAOYSA-N	PHIG:8700	Q2TWM0		5062	Aspergillus oryzae	510516	RIB40	sdhB transformant(CR9-sdhB(H249L)) (transformant) [Ectopic]	PHIPO:0000377	resistance to carboxin	Cell growth assay	antimicrobial_interaction	18992352	62e6a87a49397cba6ceb211b254d7ac8e5d09ff8	2026-09-01
CHEBI:3405	GYSSRZJIHXQEHQ-UHFFFAOYSA-N	PHIG:8701	Q2U3V9		5062	Aspergillus oryzae	510516	RIB40	sdhC transformant(CR6-sdhC(T90I)) (transformant) [Ectopic]	PHIPO:0000377	resistance to carboxin	Cell growth assay	antimicrobial_interaction	18992352	62e6a87a49397cba6ceb211b254d7ac8e5d09ff8	2026-09-01
CHEBI:3405	GYSSRZJIHXQEHQ-UHFFFAOYSA-N	PHIG:5032	A7EGE3		5180	Sclerotinia sclerotiorum	665079	JK19	SdhB transformant(JK19R1-SdhB(A11V)) (transformant) [Not assayed]	PHIPO:0000377	resistance to carboxin	Cell growth assay	antimicrobial_interaction	25441450	62e6a87a49397cba6ceb211b254d7ac8e5d09ff8	2026-09-01
CHEBI:3405	GYSSRZJIHXQEHQ-UHFFFAOYSA-N	PHIG:9367	P32420	KIS70918	5270	Ustilago maydis		IMI103761	SDH2(H253L) (amino acid mutation) [Ectopic]	PHIPO:0000377	resistance to carboxin	Cell growth assay	antimicrobial_interaction	1423716	62e6a87a49397cba6ceb211b254d7ac8e5d09ff8	2026-09-01
CHEBI:40909	WFDXOXNFNRHQEC-GHRIWEEISA-N	PHIG:11363	A0A8E5ME34		1159556	Ustilaginoidea virens		P1	Pks1delta (deletion)	PHIPO:0000388	resistance to azoxystrobin	Cell growth assay	antimicrobial_interaction	41745253	62e6a87a49397cba6ceb211b254d7ac8e5d09ff8	2026-09-01
CHEBI:40909	WFDXOXNFNRHQEC-GHRIWEEISA-N	PHIG:10867	W7MZ22		117187	Fusarium verticillioides	334819	M3125	Mdm10delta (deletion)	PHIPO:0000388	resistance to azoxystrobin	Cell growth assay	antimicrobial_interaction	40934067	62e6a87a49397cba6ceb211b254d7ac8e5d09ff8	2026-09-01
CHEBI:40909	WFDXOXNFNRHQEC-GHRIWEEISA-N	PHIG:9043	A0A089QDC9		318829	Magnaporthe oryzae		4091-5-8	cytb(G143A) (amino acid mutation) [Not assayed]	PHIPO:0000388	resistance to azoxystrobin	Cell growth assay	antimicrobial_interaction	12612806	62e6a87a49397cba6ceb211b254d7ac8e5d09ff8	2026-09-01
CHEBI:40909	WFDXOXNFNRHQEC-GHRIWEEISA-N	PHIG:9043	A0A089QDC9		318829	Magnaporthe oryzae		4091-5-8	cytb(G143S) (amino acid mutation) [Not assayed]	PHIPO:0000388	resistance to azoxystrobin	Cell growth assay	antimicrobial_interaction	12612806	62e6a87a49397cba6ceb211b254d7ac8e5d09ff8	2026-09-01
CHEBI:40909	WFDXOXNFNRHQEC-GHRIWEEISA-N	PHIG:2781	P53373		40559	Botrytis cinerea		NJ11	tubA(M233I) (amino acid mutation) [Not assayed]	PHIPO:0000388	resistance to azoxystrobin	Cell growth assay	antimicrobial_interaction	26596626	62e6a87a49397cba6ceb211b254d7ac8e5d09ff8	2026-09-01
CHEBI:45979	WJCNZQLZVWNLKY-UHFFFAOYSA-N	PHIG:833	P10653	CBF87981	162425	Aspergillus nidulans	227321	G191	benA(E198D) (amino acid mutation) [Not assayed]	PHIPO:0000673	resistance to thiabendazole	Cell growth assay	antimicrobial_interaction	1423663	62e6a87a49397cba6ceb211b254d7ac8e5d09ff8	2026-09-01
CHEBI:45979	WJCNZQLZVWNLKY-UHFFFAOYSA-N	PHIG:833	P10653	CBF87981	162425	Aspergillus nidulans	227321	G191	benA(E198K) (amino acid mutation) [Not assayed]	PHIPO:0000673	resistance to thiabendazole	Cell growth assay	antimicrobial_interaction	1423663	62e6a87a49397cba6ceb211b254d7ac8e5d09ff8	2026-09-01
CHEBI:45979	WJCNZQLZVWNLKY-UHFFFAOYSA-N	PHIG:833	P10653	CBF87981	162425	Aspergillus nidulans	227321	G191	benA(E198Q) (amino acid mutation) [Not assayed]	PHIPO:0000673	resistance to thiabendazole	Cell growth assay	antimicrobial_interaction	1423663	62e6a87a49397cba6ceb211b254d7ac8e5d09ff8	2026-09-01
CHEBI:45979	WJCNZQLZVWNLKY-UHFFFAOYSA-N	PHIG:833	P10653	CBF87981	162425	Aspergillus nidulans	227321	G191	benA(F200Y) (amino acid mutation) [Not assayed]	PHIPO:0000673	resistance to thiabendazole	Cell growth assay	antimicrobial_interaction	1423663	62e6a87a49397cba6ceb211b254d7ac8e5d09ff8	2026-09-01
CHEBI:45979	WJCNZQLZVWNLKY-UHFFFAOYSA-N	PHIG:833	P10653	CBF87981	162425	Aspergillus nidulans	227321	G191	benA(H6L) (amino acid mutation) [Not assayed]	PHIPO:0000673	resistance to thiabendazole	Cell growth assay	antimicrobial_interaction	1423663	62e6a87a49397cba6ceb211b254d7ac8e5d09ff8	2026-09-01
CHEBI:45979	WJCNZQLZVWNLKY-UHFFFAOYSA-N	PHIG:833	P10653	CBF87981	162425	Aspergillus nidulans	227321	G191	benA(H6Y) (amino acid mutation) [Not assayed]	PHIPO:0000673	resistance to thiabendazole	Cell growth assay	antimicrobial_interaction	1423663	62e6a87a49397cba6ceb211b254d7ac8e5d09ff8	2026-09-01
CHEBI:46081	RFHAOTPXVQNOHP-UHFFFAOYSA-N	PHIG:1668	Q870D1		5207	Cryptococcus neoformans		H99	ERG11 transformant(MRL862-ERG11(Y145F)) (transformant) [Not assayed]	PHIPO:0000653	resistance to fluconazole	Cell growth assay	antimicrobial_interaction	22155829	62e6a87a49397cba6ceb211b254d7ac8e5d09ff8	2026-09-01
CHEBI:46081	RFHAOTPXVQNOHP-UHFFFAOYSA-N	PHIG:8831	Q8X0Z3		5207	Cryptococcus neoformans		BYP22	CnAFR1 (unknown) [Overexpression]	PHIPO:0000653	resistance to fluconazole	Cell growth assay	antimicrobial_interaction	12519188	62e6a87a49397cba6ceb211b254d7ac8e5d09ff8	2026-09-01
CHEBI:46081	RFHAOTPXVQNOHP-UHFFFAOYSA-N	PHIG:10398	A0A1D8PGP5		5476	Candida albicans	237561	SC5314	Sdh8delta (deletion)	PHIPO:0000653	resistance to fluconazole	Macroscopic observation (qualitative observation)	antimicrobial_interaction	39403939	62e6a87a49397cba6ceb211b254d7ac8e5d09ff8	2026-09-01
CHEBI:46081	RFHAOTPXVQNOHP-UHFFFAOYSA-N	PHIG:10399	Q5ALV2	C2_01640W_A-T	5476	Candida albicans	237561	SN152	Sla1delta (deletion)	PHIPO:0000653	resistance to fluconazole	Microscopy	antimicrobial_interaction	39464835	62e6a87a49397cba6ceb211b254d7ac8e5d09ff8	2026-09-01
CHEBI:46081	RFHAOTPXVQNOHP-UHFFFAOYSA-N	PHIG:1132	P10613	C5_00660C_A-T	5476	Candida albicans	237561	CAI4	ERG11 transformant(Darlington-ERG11(Y132H, I471T)) (transformant) [Not assayed]	PHIPO:0000653	resistance to fluconazole	Cell growth assay	antimicrobial_interaction	11036010	62e6a87a49397cba6ceb211b254d7ac8e5d09ff8	2026-09-01
CHEBI:46081	RFHAOTPXVQNOHP-UHFFFAOYSA-N	PHIG:1132	P10613	C5_00660C_A-T	5476	Candida albicans	237561	SC5314	ERG11(D278N G464S) (amino acid mutation) [Not assayed]	PHIPO:0000653	resistance to fluconazole	Cell growth assay	antimicrobial_interaction	25385095	62e6a87a49397cba6ceb211b254d7ac8e5d09ff8	2026-09-01
CHEBI:46081	RFHAOTPXVQNOHP-UHFFFAOYSA-N	PHIG:1132	P10613	C5_00660C_A-T	5476	Candida albicans	237561	SC5314	ERG11(D446E) (amino acid mutation) [Not assayed]	PHIPO:0000653	resistance to fluconazole	Cell growth assay	antimicrobial_interaction	25385095	62e6a87a49397cba6ceb211b254d7ac8e5d09ff8	2026-09-01
CHEBI:46081	RFHAOTPXVQNOHP-UHFFFAOYSA-N	PHIG:1132	P10613	C5_00660C_A-T	5476	Candida albicans	237561	SC5314	ERG11(E266D G464S) (amino acid mutation) [Not assayed]	PHIPO:0000653	resistance to fluconazole	Cell growth assay	antimicrobial_interaction	25385095	62e6a87a49397cba6ceb211b254d7ac8e5d09ff8	2026-09-01
CHEBI:46081	RFHAOTPXVQNOHP-UHFFFAOYSA-N	PHIG:1132	P10613	C5_00660C_A-T	5476	Candida albicans	237561	SC5314	ERG11(F145L E266D) (amino acid mutation) [Not assayed]	PHIPO:0000653	resistance to fluconazole	Cell growth assay	antimicrobial_interaction	25385095	62e6a87a49397cba6ceb211b254d7ac8e5d09ff8	2026-09-01
CHEBI:46081	RFHAOTPXVQNOHP-UHFFFAOYSA-N	PHIG:1132	P10613	C5_00660C_A-T	5476	Candida albicans	237561	SC5314	ERG11(F145L) (amino acid mutation) [Not assayed]	PHIPO:0000653	resistance to fluconazole	Cell growth assay	antimicrobial_interaction	25385095	62e6a87a49397cba6ceb211b254d7ac8e5d09ff8	2026-09-01
CHEBI:46081	RFHAOTPXVQNOHP-UHFFFAOYSA-N	PHIG:1132	P10613	C5_00660C_A-T	5476	Candida albicans	237561	SC5314	ERG11(F449V) (amino acid mutation) [Not assayed]	PHIPO:0000653	resistance to fluconazole	Cell growth assay	antimicrobial_interaction	25385095	62e6a87a49397cba6ceb211b254d7ac8e5d09ff8	2026-09-01
CHEBI:46081	RFHAOTPXVQNOHP-UHFFFAOYSA-N	PHIG:1132	P10613	C5_00660C_A-T	5476	Candida albicans	237561	SC5314	ERG11(G307S G450E) (amino acid mutation) [Not assayed]	PHIPO:0000653	resistance to fluconazole	Cell growth assay	antimicrobial_interaction	25385095	62e6a87a49397cba6ceb211b254d7ac8e5d09ff8	2026-09-01
CHEBI:46081	RFHAOTPXVQNOHP-UHFFFAOYSA-N	PHIG:1132	P10613	C5_00660C_A-T	5476	Candida albicans	237561	SC5314	ERG11(G448E) (amino acid mutation) [Not assayed]	PHIPO:0000653	resistance to fluconazole	Cell growth assay	antimicrobial_interaction	25385095	62e6a87a49397cba6ceb211b254d7ac8e5d09ff8	2026-09-01
CHEBI:46081	RFHAOTPXVQNOHP-UHFFFAOYSA-N	PHIG:1132	P10613	C5_00660C_A-T	5476	Candida albicans	237561	SC5314	ERG11(G450E) (amino acid mutation) [Not assayed]	PHIPO:0000653	resistance to fluconazole	Cell growth assay	antimicrobial_interaction	25385095	62e6a87a49397cba6ceb211b254d7ac8e5d09ff8	2026-09-01
CHEBI:46081	RFHAOTPXVQNOHP-UHFFFAOYSA-N	PHIG:1132	P10613	C5_00660C_A-T	5476	Candida albicans	237561	SC5314	ERG11(G464S) (amino acid mutation) [Not assayed]	PHIPO:0000653	resistance to fluconazole	Cell growth assay	antimicrobial_interaction	25385095	62e6a87a49397cba6ceb211b254d7ac8e5d09ff8	2026-09-01
CHEBI:46081	RFHAOTPXVQNOHP-UHFFFAOYSA-N	PHIG:1132	P10613	C5_00660C_A-T	5476	Candida albicans	237561	SC5314	ERG11(I483V G450E) (amino acid mutation) [Not assayed]	PHIPO:0000653	resistance to fluconazole	Cell growth assay	antimicrobial_interaction	25385095	62e6a87a49397cba6ceb211b254d7ac8e5d09ff8	2026-09-01
CHEBI:46081	RFHAOTPXVQNOHP-UHFFFAOYSA-N	PHIG:1132	P10613	C5_00660C_A-T	5476	Candida albicans	237561	SC5314	ERG11(K143R E266D) (amino acid mutation) [Not assayed]	PHIPO:0000653	resistance to fluconazole	Cell growth assay	antimicrobial_interaction	25385095	62e6a87a49397cba6ceb211b254d7ac8e5d09ff8	2026-09-01
CHEBI:46081	RFHAOTPXVQNOHP-UHFFFAOYSA-N	PHIG:1132	P10613	C5_00660C_A-T	5476	Candida albicans	237561	SC5314	ERG11(K143R) (amino acid mutation) [Not assayed]	PHIPO:0000653	resistance to fluconazole	Cell growth assay	antimicrobial_interaction	25385095	62e6a87a49397cba6ceb211b254d7ac8e5d09ff8	2026-09-01
CHEBI:46081	RFHAOTPXVQNOHP-UHFFFAOYSA-N	PHIG:1132	P10613	C5_00660C_A-T	5476	Candida albicans	237561	SC5314	ERG11(M258L G464S) (amino acid mutation) [Not assayed]	PHIPO:0000653	resistance to fluconazole	Cell growth assay	antimicrobial_interaction	25385095	62e6a87a49397cba6ceb211b254d7ac8e5d09ff8	2026-09-01
CHEBI:46081	RFHAOTPXVQNOHP-UHFFFAOYSA-N	PHIG:1132	P10613	C5_00660C_A-T	5476	Candida albicans	237561	SC5314	ERG11(S405F) (amino acid mutation) [Not assayed]	PHIPO:0000653	resistance to fluconazole	Cell growth assay	antimicrobial_interaction	25385095	62e6a87a49397cba6ceb211b254d7ac8e5d09ff8	2026-09-01
CHEBI:46081	RFHAOTPXVQNOHP-UHFFFAOYSA-N	PHIG:1132	P10613	C5_00660C_A-T	5476	Candida albicans	237561	SC5314	ERG11(Y132F F145L) (amino acid mutation) [Not assayed]	PHIPO:0000653	resistance to fluconazole	Cell growth assay	antimicrobial_interaction	25385095	62e6a87a49397cba6ceb211b254d7ac8e5d09ff8	2026-09-01
CHEBI:46081	RFHAOTPXVQNOHP-UHFFFAOYSA-N	PHIG:1132	P10613	C5_00660C_A-T	5476	Candida albicans	237561	SC5314	ERG11(Y132F K143R) (amino acid mutation) [Not assayed]	PHIPO:0000653	resistance to fluconazole	Cell growth assay	antimicrobial_interaction	25385095	62e6a87a49397cba6ceb211b254d7ac8e5d09ff8	2026-09-01
CHEBI:46081	RFHAOTPXVQNOHP-UHFFFAOYSA-N	PHIG:1132	P10613	C5_00660C_A-T	5476	Candida albicans	237561	SC5314	ERG11(Y132F) (amino acid mutation) [Not assayed]	PHIPO:0000653	resistance to fluconazole	Cell growth assay	antimicrobial_interaction	25385095	62e6a87a49397cba6ceb211b254d7ac8e5d09ff8	2026-09-01
CHEBI:46081	RFHAOTPXVQNOHP-UHFFFAOYSA-N	PHIG:1133	Q59VG6	C1_04770C_A-T	5476	Candida albicans	237561	SC5314	ERG3delta (deletion)	PHIPO:0000653	resistance to fluconazole	Cell growth assay	antimicrobial_interaction	28630186	62e6a87a49397cba6ceb211b254d7ac8e5d09ff8	2026-09-01
CHEBI:46081	RFHAOTPXVQNOHP-UHFFFAOYSA-N	PHIG:5984	Q59X67	CR_07890W_A-T	5476	Candida albicans	237561	SN152	Efg1delta (deletion)	PHIPO:0000653	resistance to fluconazole	Microscopy	antimicrobial_interaction	39464835	62e6a87a49397cba6ceb211b254d7ac8e5d09ff8	2026-09-01
CHEBI:46081	RFHAOTPXVQNOHP-UHFFFAOYSA-N	PHIG:8769	Q5A4G2	C3_05920W_A-T	5476	Candida albicans	237561	SC5314	MRR1 transformant(JEY355-MRR1(V877F)) (transformant) [Not assayed]	PHIPO:0000653	resistance to fluconazole	Cell growth assay	antimicrobial_interaction	23629718	62e6a87a49397cba6ceb211b254d7ac8e5d09ff8	2026-09-01
CHEBI:46081	RFHAOTPXVQNOHP-UHFFFAOYSA-N	PHIG:3694	P50859	CAGL0E04334g-T	5478	Candida glabrata	284593	ATCC 2001	DOX::ERG11+(DOX repressible promoter) (other) [Knockdown]	PHIPO:0000653	resistance to fluconazole	Cell growth assay	antimicrobial_interaction	11600353	62e6a87a49397cba6ceb211b254d7ac8e5d09ff8	2026-09-01
CHEBI:46081	RFHAOTPXVQNOHP-UHFFFAOYSA-N	PHIG:8772	G8B7T4		5480	Candida parapsilosis	578454	Unknown strain	ERG3delta (deletion)	PHIPO:0000653	resistance to fluconazole	Cell growth assay	antimicrobial_interaction	28630186	62e6a87a49397cba6ceb211b254d7ac8e5d09ff8	2026-09-01
CHEBI:46081	RFHAOTPXVQNOHP-UHFFFAOYSA-N	PHIG:8773	N0A5G3		5482	Candida tropicalis		1909	ERG3 transformant(JEY162-ERG3(S258F)) (transformant) [Not assayed]	PHIPO:0000653	resistance to fluconazole	Cell growth assay	antimicrobial_interaction	23629718	62e6a87a49397cba6ceb211b254d7ac8e5d09ff8	2026-09-01
CHEBI:46081	RFHAOTPXVQNOHP-UHFFFAOYSA-N	PHIG:8774	P14263	CTRG_05283-t43_1	5482	Candida tropicalis		1909	ERG11 transformant(JEY162-ERG11(824-955bpdelta + D275V) (transformant) [Not assayed]	PHIPO:0000653	resistance to fluconazole	Cell growth assay	antimicrobial_interaction	23629718	62e6a87a49397cba6ceb211b254d7ac8e5d09ff8	2026-09-01
CHEBI:474180	JYIKNQVWKBUSNH-WVDDFWQHSA-N	PHIG:2386	P38631	YLR342W_mRNA	4932	Saccharomyces cerevisiae	559292	BY4742	FKS1(P647A) (amino acid mutation) [Not assayed]	PHIPO:0000686	resistance to caspofungin	Cell growth assay	antimicrobial_interaction	18443110	62e6a87a49397cba6ceb211b254d7ac8e5d09ff8	2026-09-01
CHEBI:474180	JYIKNQVWKBUSNH-WVDDFWQHSA-N	PHIG:1428	A0A1D8PCT0		5476	Candida albicans	237561	T1FOA	FKS1 transformant(CAI4-R1-FKS1(S645P)) (transformant) [Not assayed]	PHIPO:0000686	resistance to caspofungin	Cell growth assay	antimicrobial_interaction	16048935	62e6a87a49397cba6ceb211b254d7ac8e5d09ff8	2026-09-01
CHEBI:474180	JYIKNQVWKBUSNH-WVDDFWQHSA-N	PHIG:1428	A0A1D8PCT0		5476	Candida albicans	237561	M70	FKS1(F641S) (amino acid mutation) [Not assayed]	PHIPO:0000686	resistance to caspofungin	Cell growth assay	antimicrobial_interaction	16723566	62e6a87a49397cba6ceb211b254d7ac8e5d09ff8	2026-09-01
CHEBI:474180	JYIKNQVWKBUSNH-WVDDFWQHSA-N	PHIG:1428	A0A1D8PCT0		5476	Candida albicans	237561	M70	FKS1(L644F S645C) (amino acid mutation) [Not assayed]	PHIPO:0000686	resistance to caspofungin	Cell growth assay	antimicrobial_interaction	16723566	62e6a87a49397cba6ceb211b254d7ac8e5d09ff8	2026-09-01
CHEBI:474180	JYIKNQVWKBUSNH-WVDDFWQHSA-N	PHIG:1428	A0A1D8PCT0		5476	Candida albicans	237561	M70	FKS1(S645F) (amino acid mutation) [Not assayed]	PHIPO:0000686	resistance to caspofungin	Cell growth assay	antimicrobial_interaction	16723566	62e6a87a49397cba6ceb211b254d7ac8e5d09ff8	2026-09-01
CHEBI:474180	JYIKNQVWKBUSNH-WVDDFWQHSA-N	PHIG:1428	A0A1D8PCT0		5476	Candida albicans	237561	SC5314	FKS1(S645F) (amino acid mutation) [Not assayed]	PHIPO:0000686	resistance to caspofungin	Cell growth assay	antimicrobial_interaction	16723566	62e6a87a49397cba6ceb211b254d7ac8e5d09ff8	2026-09-01
CHEBI:474180	JYIKNQVWKBUSNH-WVDDFWQHSA-N	PHIG:1428	A0A1D8PCT0		5476	Candida albicans	237561	M70	FKS1(S645P) (amino acid mutation) [Not assayed]	PHIPO:0000686	resistance to caspofungin	Cell growth assay	antimicrobial_interaction	16723566	62e6a87a49397cba6ceb211b254d7ac8e5d09ff8	2026-09-01
CHEBI:474180	JYIKNQVWKBUSNH-WVDDFWQHSA-N	PHIG:1428	A0A1D8PCT0		5476	Candida albicans	237561	SC5314	FKS1(S645P) (amino acid mutation) [Not assayed]	PHIPO:0000686	resistance to caspofungin	Cell growth assay	antimicrobial_interaction	16723566	62e6a87a49397cba6ceb211b254d7ac8e5d09ff8	2026-09-01
CHEBI:474180	JYIKNQVWKBUSNH-WVDDFWQHSA-N	PHIG:1428	A0A1D8PCT0		5476	Candida albicans	237561	M70	FKS1(S645Y) (amino acid mutation) [Not assayed]	PHIPO:0000686	resistance to caspofungin	Cell growth assay	antimicrobial_interaction	16723566	62e6a87a49397cba6ceb211b254d7ac8e5d09ff8	2026-09-01
CHEBI:474180	JYIKNQVWKBUSNH-WVDDFWQHSA-N	PHIG:1428	A0A1D8PCT0		5476	Candida albicans	237561	SC5314	FKS1(S645Y) (amino acid mutation) [Not assayed]	PHIPO:0000686	resistance to caspofungin	Cell growth assay	antimicrobial_interaction	16723566	62e6a87a49397cba6ceb211b254d7ac8e5d09ff8	2026-09-01
CHEBI:474180	JYIKNQVWKBUSNH-WVDDFWQHSA-N	PHIG:1428	A0A1D8PCT0		5476	Candida albicans	237561	CAI4	FKS1-S645P(S645P) (amino acid mutation) [Not assayed]	PHIPO:0000686	resistance to caspofungin	Cell growth assay	antimicrobial_interaction	16048935	62e6a87a49397cba6ceb211b254d7ac8e5d09ff8	2026-09-01
CHEBI:48080	KQNZDYYTLMIZCT-KQPMLPITSA-N	PHIG:8769	Q5A4G2	C3_05920W_A-T	5476	Candida albicans	237561	SC5314	MRR1 transformant(JEY355-MRR1(V877F)) (transformant) [Not assayed]	PHIPO:0000584	resistance to brefeldin A	Cell growth assay	antimicrobial_interaction	23629718	62e6a87a49397cba6ceb211b254d7ac8e5d09ff8	2026-09-01
CHEBI:55346	JHVAMHSQVVQIOT-MFAJLEFUSA-N	PHIG:2386	P38631	YLR342W_mRNA	4932	Saccharomyces cerevisiae	559292	BY4742	FKS1(P647A) (amino acid mutation) [Not assayed]	PHIPO:0000586	resistance to anidulafungin	Cell growth assay	antimicrobial_interaction	18443110	62e6a87a49397cba6ceb211b254d7ac8e5d09ff8	2026-09-01
CHEBI:55346	JHVAMHSQVVQIOT-MFAJLEFUSA-N	PHIG:1428	A0A1D8PCT0		5476	Candida albicans	237561	M70	FKS1(F641S) (amino acid mutation) [Not assayed]	PHIPO:0000586	resistance to anidulafungin	Cell growth assay	antimicrobial_interaction	16723566	62e6a87a49397cba6ceb211b254d7ac8e5d09ff8	2026-09-01
CHEBI:55346	JHVAMHSQVVQIOT-MFAJLEFUSA-N	PHIG:1428	A0A1D8PCT0		5476	Candida albicans	237561	M70	FKS1(L644F S645C) (amino acid mutation) [Not assayed]	PHIPO:0000586	resistance to anidulafungin	Cell growth assay	antimicrobial_interaction	16723566	62e6a87a49397cba6ceb211b254d7ac8e5d09ff8	2026-09-01
CHEBI:55346	JHVAMHSQVVQIOT-MFAJLEFUSA-N	PHIG:1428	A0A1D8PCT0		5476	Candida albicans	237561	M70	FKS1(S645F) (amino acid mutation) [Not assayed]	PHIPO:0000586	resistance to anidulafungin	Cell growth assay	antimicrobial_interaction	16723566	62e6a87a49397cba6ceb211b254d7ac8e5d09ff8	2026-09-01
CHEBI:55346	JHVAMHSQVVQIOT-MFAJLEFUSA-N	PHIG:1428	A0A1D8PCT0		5476	Candida albicans	237561	SC5314	FKS1(S645F) (amino acid mutation) [Not assayed]	PHIPO:0000586	resistance to anidulafungin	Cell growth assay	antimicrobial_interaction	16723566	62e6a87a49397cba6ceb211b254d7ac8e5d09ff8	2026-09-01
CHEBI:55346	JHVAMHSQVVQIOT-MFAJLEFUSA-N	PHIG:1428	A0A1D8PCT0		5476	Candida albicans	237561	M70	FKS1(S645P) (amino acid mutation) [Not assayed]	PHIPO:0000586	resistance to anidulafungin	Cell growth assay	antimicrobial_interaction	16723566	62e6a87a49397cba6ceb211b254d7ac8e5d09ff8	2026-09-01
CHEBI:55346	JHVAMHSQVVQIOT-MFAJLEFUSA-N	PHIG:1428	A0A1D8PCT0		5476	Candida albicans	237561	SC5314	FKS1(S645P) (amino acid mutation) [Not assayed]	PHIPO:0000586	resistance to anidulafungin	Cell growth assay	antimicrobial_interaction	16723566	62e6a87a49397cba6ceb211b254d7ac8e5d09ff8	2026-09-01
CHEBI:55346	JHVAMHSQVVQIOT-MFAJLEFUSA-N	PHIG:1428	A0A1D8PCT0		5476	Candida albicans	237561	M70	FKS1(S645Y) (amino acid mutation) [Not assayed]	PHIPO:0000586	resistance to anidulafungin	Cell growth assay	antimicrobial_interaction	16723566	62e6a87a49397cba6ceb211b254d7ac8e5d09ff8	2026-09-01
CHEBI:55346	JHVAMHSQVVQIOT-MFAJLEFUSA-N	PHIG:1428	A0A1D8PCT0		5476	Candida albicans	237561	SC5314	FKS1(S645Y) (amino acid mutation) [Not assayed]	PHIPO:0000586	resistance to anidulafungin	Cell growth assay	antimicrobial_interaction	16723566	62e6a87a49397cba6ceb211b254d7ac8e5d09ff8	2026-09-01
CHEBI:600520	PIEUQSKUWLMALL-YABMTYFHSA-N	PHIG:2386	P38631	YLR342W_mRNA	4932	Saccharomyces cerevisiae	559292	BY4742	FKS1(P647A) (amino acid mutation) [Not assayed]	PHIPO:0000575	resistance to micafungin	Cell growth assay	antimicrobial_interaction	18443110	62e6a87a49397cba6ceb211b254d7ac8e5d09ff8	2026-09-01
CHEBI:600520	PIEUQSKUWLMALL-YABMTYFHSA-N	PHIG:1428	A0A1D8PCT0		5476	Candida albicans	237561	M70	FKS1(F641S) (amino acid mutation) [Not assayed]	PHIPO:0000575	resistance to micafungin	Cell growth assay	antimicrobial_interaction	16723566	62e6a87a49397cba6ceb211b254d7ac8e5d09ff8	2026-09-01
CHEBI:600520	PIEUQSKUWLMALL-YABMTYFHSA-N	PHIG:1428	A0A1D8PCT0		5476	Candida albicans	237561	M70	FKS1(L644F S645C) (amino acid mutation) [Not assayed]	PHIPO:0000575	resistance to micafungin	Cell growth assay	antimicrobial_interaction	16723566	62e6a87a49397cba6ceb211b254d7ac8e5d09ff8	2026-09-01
CHEBI:600520	PIEUQSKUWLMALL-YABMTYFHSA-N	PHIG:1428	A0A1D8PCT0		5476	Candida albicans	237561	M70	FKS1(S645F) (amino acid mutation) [Not assayed]	PHIPO:0000575	resistance to micafungin	Cell growth assay	antimicrobial_interaction	16723566	62e6a87a49397cba6ceb211b254d7ac8e5d09ff8	2026-09-01
CHEBI:600520	PIEUQSKUWLMALL-YABMTYFHSA-N	PHIG:1428	A0A1D8PCT0		5476	Candida albicans	237561	SC5314	FKS1(S645F) (amino acid mutation) [Not assayed]	PHIPO:0000575	resistance to micafungin	Cell growth assay	antimicrobial_interaction	16723566	62e6a87a49397cba6ceb211b254d7ac8e5d09ff8	2026-09-01
CHEBI:600520	PIEUQSKUWLMALL-YABMTYFHSA-N	PHIG:1428	A0A1D8PCT0		5476	Candida albicans	237561	M70	FKS1(S645P) (amino acid mutation) [Not assayed]	PHIPO:0000575	resistance to micafungin	Cell growth assay	antimicrobial_interaction	16723566	62e6a87a49397cba6ceb211b254d7ac8e5d09ff8	2026-09-01
CHEBI:600520	PIEUQSKUWLMALL-YABMTYFHSA-N	PHIG:1428	A0A1D8PCT0		5476	Candida albicans	237561	SC5314	FKS1(S645P) (amino acid mutation) [Not assayed]	PHIPO:0000575	resistance to micafungin	Cell growth assay	antimicrobial_interaction	16723566	62e6a87a49397cba6ceb211b254d7ac8e5d09ff8	2026-09-01
CHEBI:600520	PIEUQSKUWLMALL-YABMTYFHSA-N	PHIG:1428	A0A1D8PCT0		5476	Candida albicans	237561	M70	FKS1(S645Y) (amino acid mutation) [Not assayed]	PHIPO:0000575	resistance to micafungin	Cell growth assay	antimicrobial_interaction	16723566	62e6a87a49397cba6ceb211b254d7ac8e5d09ff8	2026-09-01
CHEBI:600520	PIEUQSKUWLMALL-YABMTYFHSA-N	PHIG:1428	A0A1D8PCT0		5476	Candida albicans	237561	SC5314	FKS1(S645Y) (amino acid mutation) [Not assayed]	PHIPO:0000575	resistance to micafungin	Cell growth assay	antimicrobial_interaction	16723566	62e6a87a49397cba6ceb211b254d7ac8e5d09ff8	2026-09-01
CHEBI:6076	VHVPQPYKVGDNFY-ZPGVKDDISA-N	PHIG:1132	P10613	C5_00660C_A-T	5476	Candida albicans	237561	SC5314	ERG11(Y132F F145L) (amino acid mutation) [Not assayed]	PHIPO:0000675	resistance to itraconazole	Cell growth assay	antimicrobial_interaction	25385095	62e6a87a49397cba6ceb211b254d7ac8e5d09ff8	2026-09-01
CHEBI:6076	VHVPQPYKVGDNFY-ZPGVKDDISA-N	PHIG:1133	Q59VG6	C1_04770C_A-T	5476	Candida albicans	237561	SC5314	ERG3delta (deletion)	PHIPO:0000675	resistance to itraconazole	Cell growth assay	antimicrobial_interaction	28630186	62e6a87a49397cba6ceb211b254d7ac8e5d09ff8	2026-09-01
CHEBI:6076	VHVPQPYKVGDNFY-ZPGVKDDISA-N	PHIG:8772	G8B7T4		5480	Candida parapsilosis	578454	Unknown strain	ERG3delta (deletion)	PHIPO:0000675	resistance to itraconazole	Cell growth assay	antimicrobial_interaction	28630186	62e6a87a49397cba6ceb211b254d7ac8e5d09ff8	2026-09-01
CHEBI:6076	VHVPQPYKVGDNFY-ZPGVKDDISA-N	PHIG:1837	Q4WNT5	Afu4g06890-T	746128	Aspergillus fumigatus	330879	CM237	CYP51A transformant(CM2627-CYP51Apromoter(2x34bp tandem repeat) and CM2627-CYP51A(L98H)) (transformant) [Overexpression]	PHIPO:0000675	resistance to itraconazole	Cell growth assay	antimicrobial_interaction	17371828	62e6a87a49397cba6ceb211b254d7ac8e5d09ff8	2026-09-01
CHEBI:6076	VHVPQPYKVGDNFY-ZPGVKDDISA-N	PHIG:1837	Q4WNT5	Afu4g06890-T	746128	Aspergillus fumigatus	330879	CEA17	cyp51A transformant(H10-1-50A-cyp51A(N22D)) (transformant) [Not assayed]	PHIPO:0000675	resistance to itraconazole	Cell growth assay	antimicrobial_interaction	15504870	62e6a87a49397cba6ceb211b254d7ac8e5d09ff8	2026-09-01
CHEBI:6076	VHVPQPYKVGDNFY-ZPGVKDDISA-N	PHIG:1837	Q4WNT5	Afu4g06890-T	746128	Aspergillus fumigatus	330879	CEA17	cyp51A transformant(H10-2-50A-cyp51A(M220I)) (transformant) [Not assayed]	PHIPO:0000675	resistance to itraconazole	Cell growth assay	antimicrobial_interaction	15504870	62e6a87a49397cba6ceb211b254d7ac8e5d09ff8	2026-09-01
CHEBI:6076	VHVPQPYKVGDNFY-ZPGVKDDISA-N	PHIG:1837	Q4WNT5	Afu4g06890-T	746128	Aspergillus fumigatus	330879	A1160C	cyp51A transformant(W601-cyp51A(F219L)) (transformant) [Not assayed]	PHIPO:0000675	resistance to itraconazole	Cell growth assay	antimicrobial_interaction	27799210	62e6a87a49397cba6ceb211b254d7ac8e5d09ff8	2026-09-01
CHEBI:6076	VHVPQPYKVGDNFY-ZPGVKDDISA-N	PHIG:1837	Q4WNT5	Afu4g06890-T	746128	Aspergillus fumigatus	330879	CM237	cyp51A(G54E) (amino acid mutation) [Not assayed]	PHIPO:0000675	resistance to itraconazole	Cell growth assay	antimicrobial_interaction	12604551	62e6a87a49397cba6ceb211b254d7ac8e5d09ff8	2026-09-01
CHEBI:6076	VHVPQPYKVGDNFY-ZPGVKDDISA-N	PHIG:1837	Q4WNT5	Afu4g06890-T	746128	Aspergillus fumigatus	330879	H11-20	cyp51A(G54E) (amino acid mutation) [Not assayed]	PHIPO:0000675	resistance to itraconazole	Cell growth assay	antimicrobial_interaction	12709346	62e6a87a49397cba6ceb211b254d7ac8e5d09ff8	2026-09-01
CHEBI:6076	VHVPQPYKVGDNFY-ZPGVKDDISA-N	PHIG:1837	Q4WNT5	Afu4g06890-T	746128	Aspergillus fumigatus	330879	H11-20	cyp51A(G54K) (amino acid mutation) [Not assayed]	PHIPO:0000675	resistance to itraconazole	Cell growth assay	antimicrobial_interaction	12709346	62e6a87a49397cba6ceb211b254d7ac8e5d09ff8	2026-09-01
CHEBI:6076	VHVPQPYKVGDNFY-ZPGVKDDISA-N	PHIG:1837	Q4WNT5	Afu4g06890-T	746128	Aspergillus fumigatus	330879	ND158	cyp51A(G54R) (amino acid mutation) [Not assayed]	PHIPO:0000675	resistance to itraconazole	Cell growth assay	antimicrobial_interaction	12543662	62e6a87a49397cba6ceb211b254d7ac8e5d09ff8	2026-09-01
CHEBI:6076	VHVPQPYKVGDNFY-ZPGVKDDISA-N	PHIG:1837	Q4WNT5	Afu4g06890-T	746128	Aspergillus fumigatus	330879	H11-20	cyp51A(G54R) (amino acid mutation) [Not assayed]	PHIPO:0000675	resistance to itraconazole	Cell growth assay	antimicrobial_interaction	12709346	62e6a87a49397cba6ceb211b254d7ac8e5d09ff8	2026-09-01
CHEBI:6076	VHVPQPYKVGDNFY-ZPGVKDDISA-N	PHIG:1837	Q4WNT5	Afu4g06890-T	746128	Aspergillus fumigatus	330879	ND158	cyp51A(G54W) (amino acid mutation) [Not assayed]	PHIPO:0000675	resistance to itraconazole	Cell growth assay	antimicrobial_interaction	12543662	62e6a87a49397cba6ceb211b254d7ac8e5d09ff8	2026-09-01
CHEBI:6076	VHVPQPYKVGDNFY-ZPGVKDDISA-N	PHIG:1837	Q4WNT5	Afu4g06890-T	746128	Aspergillus fumigatus	330879	CM237	cyp51A(M220K) (amino acid mutation) [Not assayed]	PHIPO:0000675	resistance to itraconazole	Cell growth assay	antimicrobial_interaction	15215142	62e6a87a49397cba6ceb211b254d7ac8e5d09ff8	2026-09-01
CHEBI:6076	VHVPQPYKVGDNFY-ZPGVKDDISA-N	PHIG:1837	Q4WNT5	Afu4g06890-T	746128	Aspergillus fumigatus	330879	CM237	cyp51A(M220T) (amino acid mutation) [Not assayed]	PHIPO:0000675	resistance to itraconazole	Cell growth assay	antimicrobial_interaction	15215142	62e6a87a49397cba6ceb211b254d7ac8e5d09ff8	2026-09-01
CHEBI:6076	VHVPQPYKVGDNFY-ZPGVKDDISA-N	PHIG:1837	Q4WNT5	Afu4g06890-T	746128	Aspergillus fumigatus	330879	CM237	cyp51A(M220V) (amino acid mutation) [Not assayed]	PHIPO:0000675	resistance to itraconazole	Cell growth assay	antimicrobial_interaction	15215142	62e6a87a49397cba6ceb211b254d7ac8e5d09ff8	2026-09-01
CHEBI:6076	VHVPQPYKVGDNFY-ZPGVKDDISA-N	PHIG:8688	B0XYD8		746128	Aspergillus fumigatus	451804	A1160C	algAdelta (deletion)	PHIPO:0000675	resistance to itraconazole	Cell growth assay	antimicrobial_interaction	27799210	62e6a87a49397cba6ceb211b254d7ac8e5d09ff8	2026-09-01
CHEBI:6076	VHVPQPYKVGDNFY-ZPGVKDDISA-N	PHIG:8689	B0Y628		746128	Aspergillus fumigatus	451804	A1160C	cox10 transformant(W004-cox10(R243Q)) (transformant) [Not assayed]	PHIPO:0000675	resistance to itraconazole	Cell growth assay	antimicrobial_interaction	27799210	62e6a87a49397cba6ceb211b254d7ac8e5d09ff8	2026-09-01
CHEBI:6076	VHVPQPYKVGDNFY-ZPGVKDDISA-N	PHIG:8691	Q4WDM9		746128	Aspergillus fumigatus	330879	akuBKU80	HapE transformant(Isolate3-HapE(P88L)) (transformant) [Not assayed]	PHIPO:0000675	resistance to itraconazole	Cell growth assay	antimicrobial_interaction	23226235	62e6a87a49397cba6ceb211b254d7ac8e5d09ff8	2026-09-01
CHEBI:64355	RAGOYPUPXAKGKH-XAKZXMRKSA-N	PHIG:1837	Q4WNT5	Afu4g06890-T	746128	Aspergillus fumigatus	330879	ND158	cyp51A transformant(MS6-cyp51A(G54R)) (transformant) [Ectopic]	PHIPO:0000625	resistance to posaconazole	Cell growth assay	antimicrobial_interaction	12543662	62e6a87a49397cba6ceb211b254d7ac8e5d09ff8	2026-09-01
CHEBI:64355	RAGOYPUPXAKGKH-XAKZXMRKSA-N	PHIG:1837	Q4WNT5	Afu4g06890-T	746128	Aspergillus fumigatus	330879	ND158	cyp51A transformant(R7-1-cyp51A(G54W)) (transformant) [Ectopic]	PHIPO:0000625	resistance to posaconazole	Cell growth assay	antimicrobial_interaction	12543662	62e6a87a49397cba6ceb211b254d7ac8e5d09ff8	2026-09-01
CHEBI:64355	RAGOYPUPXAKGKH-XAKZXMRKSA-N	PHIG:1837	Q4WNT5	Afu4g06890-T	746128	Aspergillus fumigatus	330879	ND158	cyp51A(G54R) (amino acid mutation) [Not assayed]	PHIPO:0000625	resistance to posaconazole	Cell growth assay	antimicrobial_interaction	12543662	62e6a87a49397cba6ceb211b254d7ac8e5d09ff8	2026-09-01
CHEBI:64355	RAGOYPUPXAKGKH-XAKZXMRKSA-N	PHIG:1837	Q4WNT5	Afu4g06890-T	746128	Aspergillus fumigatus	330879	ND158	cyp51A(G54W) (amino acid mutation) [Not assayed]	PHIPO:0000625	resistance to posaconazole	Cell growth assay	antimicrobial_interaction	12543662	62e6a87a49397cba6ceb211b254d7ac8e5d09ff8	2026-09-01
CHEBI:64355	RAGOYPUPXAKGKH-XAKZXMRKSA-N	PHIG:8691	Q4WDM9		746128	Aspergillus fumigatus	330879	akuBKU80	HapE transformant(Isolate3-HapE(P88L)) (transformant) [Not assayed]	PHIPO:0000625	resistance to posaconazole	Cell growth assay	antimicrobial_interaction	23226235	62e6a87a49397cba6ceb211b254d7ac8e5d09ff8	2026-09-01
CHEBI:81760	BQYJATMQXGBDHF-UHFFFAOYSA-N	PHIG:7751	I1RJR2	FGRAMPH1_01T14465	5518	Fusarium graminearum	229533	2021	FgCYP51A(D243N) (amino acid mutation) [Overexpression]	PHIPO:0000663	resistance to difenoconazole	Cell growth assay	antimicrobial_interaction	30497711	62e6a87a49397cba6ceb211b254d7ac8e5d09ff8	2026-09-01
CHEBI:81760	BQYJATMQXGBDHF-UHFFFAOYSA-N	PHIG:7751	I1RJR2	FGRAMPH1_01T14465	5518	Fusarium graminearum	229533	BM50	FgCYP51A(E103Q, V157L) (amino acid mutation) [Overexpression]	PHIPO:0000663	resistance to difenoconazole	Cell growth assay	antimicrobial_interaction	30497711	62e6a87a49397cba6ceb211b254d7ac8e5d09ff8	2026-09-01
CHEBI:81760	BQYJATMQXGBDHF-UHFFFAOYSA-N	PHIG:7751	I1RJR2	FGRAMPH1_01T14465	5518	Fusarium graminearum	229533	BM6	FgCYP51A(G443S) (amino acid mutation) [Overexpression]	PHIPO:0000663	resistance to difenoconazole	Cell growth assay	antimicrobial_interaction	30497711	62e6a87a49397cba6ceb211b254d7ac8e5d09ff8	2026-09-01
CHEBI:81760	BQYJATMQXGBDHF-UHFFFAOYSA-N	PHIG:733	L2FD62		690256	Colletotrichum gloeosporioides	1213859	JS67	CYP51Bdelta (deletion)	PHIPO:0000663	resistance to difenoconazole	Cell growth assay	antimicrobial_interaction	32569396	62e6a87a49397cba6ceb211b254d7ac8e5d09ff8	2026-09-01
CHEBI:81763	MUJOIMFVNIBMKC-UHFFFAOYSA-N	PHIG:9481	Q1KTF2	Mycgr3T76502	1047171	Zymoseptoria tritici	336722	IPO323	Hog1::Hyg (disruption) [Not assayed]	PHIPO:0000592	resistance to fludioxonil	Cell growth assay	antimicrobial_interaction	17073308	62e6a87a49397cba6ceb211b254d7ac8e5d09ff8	2026-09-01
CHEBI:81763	MUJOIMFVNIBMKC-UHFFFAOYSA-N	PHIG:11388	W7LTW3		117187	Fusarium verticillioides	334819	Unknown strain	Pbs2delta (deletion)	PHIPO:0000592	resistance to fludioxonil	Cell growth assay	antimicrobial_interaction	41649761	62e6a87a49397cba6ceb211b254d7ac8e5d09ff8	2026-09-01
CHEBI:81763	MUJOIMFVNIBMKC-UHFFFAOYSA-N	PHIG:11389	W7LX41		117187	Fusarium verticillioides	334819	Unknown strain	Ssk2delta (deletion)	PHIPO:0000592	resistance to fludioxonil	Cell growth assay	antimicrobial_interaction	41649761	62e6a87a49397cba6ceb211b254d7ac8e5d09ff8	2026-09-01
CHEBI:81763	MUJOIMFVNIBMKC-UHFFFAOYSA-N	PHIG:11392	W7M468		117187	Fusarium verticillioides	334819	Unknown strain	Hog1delta (deletion)	PHIPO:0000592	resistance to fludioxonil	Cell growth assay	antimicrobial_interaction	41649761	62e6a87a49397cba6ceb211b254d7ac8e5d09ff8	2026-09-01
CHEBI:81763	MUJOIMFVNIBMKC-UHFFFAOYSA-N	PHIG:4721	A0A384J5Y1		40559	Botrytis cinerea	332648	Bt6-4	Bos1(18.3 (55bp) duplication 835 + 838stop) (amino acid insertion and mutation) [Not assayed]	PHIPO:0000592	resistance to fludioxonil	Cell growth assay	antimicrobial_interaction	30686204	62e6a87a49397cba6ceb211b254d7ac8e5d09ff8	2026-09-01
CHEBI:81763	MUJOIMFVNIBMKC-UHFFFAOYSA-N	PHIG:4721	A0A384J5Y1		40559	Botrytis cinerea	332648	Bt3-4	Bos1(E253D) (amino acid mutation) [Not assayed]	PHIPO:0000592	resistance to fludioxonil	Cell growth assay	antimicrobial_interaction	30686204	62e6a87a49397cba6ceb211b254d7ac8e5d09ff8	2026-09-01
CHEBI:81763	MUJOIMFVNIBMKC-UHFFFAOYSA-N	PHIG:4721	A0A384J5Y1		40559	Botrytis cinerea	332648	Yc-6	Bos1(G415D) (amino acid mutation) [Not assayed]	PHIPO:0000592	resistance to fludioxonil	Cell growth assay	antimicrobial_interaction	30686204	62e6a87a49397cba6ceb211b254d7ac8e5d09ff8	2026-09-01
CHEBI:81763	MUJOIMFVNIBMKC-UHFFFAOYSA-N	PHIG:4721	A0A384J5Y1		40559	Botrytis cinerea	332648	Nj5-10	Bos1(Q846stop) (nonsense mutation) [Not assayed]	PHIPO:0000592	resistance to fludioxonil	Cell growth assay	antimicrobial_interaction	30686204	62e6a87a49397cba6ceb211b254d7ac8e5d09ff8	2026-09-01
CHEBI:81763	MUJOIMFVNIBMKC-UHFFFAOYSA-N	PHIG:10483	A7EQI8		5180	Sclerotinia sclerotiorum	665079	Scl02-05	Hog1delta (deletion)	PHIPO:0000592	resistance to fludioxonil	Cell growth assay	antimicrobial_interaction	38374637	62e6a87a49397cba6ceb211b254d7ac8e5d09ff8	2026-09-01
CHEBI:81763	MUJOIMFVNIBMKC-UHFFFAOYSA-N	PHIG:7818	A7F519		5180	Sclerotinia sclerotiorum	665079	Scl02-05	Shk1delta (deletion)	PHIPO:0000592	resistance to fludioxonil	Cell growth assay	antimicrobial_interaction	38374637	62e6a87a49397cba6ceb211b254d7ac8e5d09ff8	2026-09-01
CHEBI:81763	MUJOIMFVNIBMKC-UHFFFAOYSA-N	PHIG:11	I1RAE5		5518	Fusarium graminearum	229533	PH-1	FgSch9delta (deletion)	PHIPO:0000592	resistance to fludioxonil	Cell growth assay	antimicrobial_interaction	24903410	62e6a87a49397cba6ceb211b254d7ac8e5d09ff8	2026-09-01
CHEBI:81763	MUJOIMFVNIBMKC-UHFFFAOYSA-N	PHIG:7590	P0C431	FGRAMPH1_01T26671	5518	Fusarium graminearum	229533	PH-1	HOG1delta (deletion)	PHIPO:0000592	resistance to fludioxonil	Cell growth assay	antimicrobial_interaction	24903410	62e6a87a49397cba6ceb211b254d7ac8e5d09ff8	2026-09-01
CHEBI:81763	MUJOIMFVNIBMKC-UHFFFAOYSA-N	PHIG:7590	P0C431	FGRAMPH1_01T26671	5518	Fusarium graminearum	229533	PH-1	OS-2delta (deletion)	PHIPO:0000592	resistance to fludioxonil	Cell growth assay	antimicrobial_interaction	22591226	62e6a87a49397cba6ceb211b254d7ac8e5d09ff8	2026-09-01
CHEBI:81784	HSMVPDGQOIQYSR-KGENOOAVSA-N	PHIG:9164	Q9P340		36651	Penicillium digitatum		PD5	CYP51 transformant(LC2-CYP51promoter(5x126bp tandem repeat)::CYP51) (transformant) [Overexpression]	PHIPO:0001342	resistance to triflumizole	Cell growth assay	antimicrobial_interaction	10919801	62e6a87a49397cba6ceb211b254d7ac8e5d09ff8	2026-09-01
CHEBI:81784	HSMVPDGQOIQYSR-KGENOOAVSA-N	PHIG:9164	Q9P340		36651	Penicillium digitatum		PD5	CYP51+ (wild type) [Overexpression]	PHIPO:0001342	resistance to triflumizole	Cell growth assay	antimicrobial_interaction	10919801	62e6a87a49397cba6ceb211b254d7ac8e5d09ff8	2026-09-01
CHEBI:81972	CKPCAYZTYMHQEX-UHFFFAOYSA-N	PHIG:9164	Q9P340		36651	Penicillium digitatum		PD5	CYP51 transformant(LC2-CYP51promoter(5x126bp tandem repeat)::CYP51) (transformant) [Overexpression]	PHIPO:0001348	resistance to pyrifenox	Cell growth assay	antimicrobial_interaction	10919801	62e6a87a49397cba6ceb211b254d7ac8e5d09ff8	2026-09-01
CHEBI:81972	CKPCAYZTYMHQEX-UHFFFAOYSA-N	PHIG:9164	Q9P340		36651	Penicillium digitatum		PD5	CYP51+ (wild type) [Overexpression]	PHIPO:0001348	resistance to pyrifenox	Cell growth assay	antimicrobial_interaction	10919801	62e6a87a49397cba6ceb211b254d7ac8e5d09ff8	2026-09-01
CHEBI:8434	TVLSRXXIMLFWEO-UHFFFAOYSA-N	PHIG:7751	I1RJR2	FGRAMPH1_01T14465	5518	Fusarium graminearum	229533	2021	FgCYP51A(D243N) (amino acid mutation) [Overexpression]	PHIPO:0000528	resistance to prochloraz	Cell growth assay	antimicrobial_interaction	30497711	62e6a87a49397cba6ceb211b254d7ac8e5d09ff8	2026-09-01
CHEBI:8434	TVLSRXXIMLFWEO-UHFFFAOYSA-N	PHIG:7751	I1RJR2	FGRAMPH1_01T14465	5518	Fusarium graminearum	229533	BM50	FgCYP51A(E103Q, V157L) (amino acid mutation) [Overexpression]	PHIPO:0000528	resistance to prochloraz	Cell growth assay	antimicrobial_interaction	30497711	62e6a87a49397cba6ceb211b254d7ac8e5d09ff8	2026-09-01
CHEBI:8434	TVLSRXXIMLFWEO-UHFFFAOYSA-N	PHIG:734	L2FQR9		690256	Colletotrichum gloeosporioides	1213859	JS67	CYP51Adelta (deletion)	PHIPO:0000528	resistance to prochloraz	Cell growth assay	antimicrobial_interaction	32569396	62e6a87a49397cba6ceb211b254d7ac8e5d09ff8	2026-09-01
CHEBI:8489	STJLVHWMYQXCPB-UHFFFAOYSA-N	PHIG:733	L2FD62		690256	Colletotrichum gloeosporioides	1213859	JS67	CYP51Bdelta (deletion)	PHIPO:0000682	resistance to propiconazole	Cell growth assay	antimicrobial_interaction	32569396	62e6a87a49397cba6ceb211b254d7ac8e5d09ff8	2026-09-01
CHEBI:9448	DOMXUEMWDBAQBQ-WEVVVXLNSA-N	PHIG:6409	E9R5G2	Afu5g07780-T	746128	Aspergillus fumigatus	330879	ATCC 13073	ErgA(F389L) (amino acid mutation) [Ectopic]	PHIPO:0000387	resistance to terbinafine	Cell growth assay	antimicrobial_interaction	16801438	62e6a87a49397cba6ceb211b254d7ac8e5d09ff8	2026-09-01
CHEBI:9448	DOMXUEMWDBAQBQ-WEVVVXLNSA-N	PHIG:6409	E9R5G2	Afu5g07780-T	746128	Aspergillus fumigatus	330879	AF293.1	erg1+ (wild type) [Overexpression]	PHIPO:0000387	resistance to terbinafine	Cell growth assay	antimicrobial_interaction	15215099	62e6a87a49397cba6ceb211b254d7ac8e5d09ff8	2026-09-01
CHEBI:9448	DOMXUEMWDBAQBQ-WEVVVXLNSA-N	PHIG:8689	B0Y628		746128	Aspergillus fumigatus	451804	A1160C	cox10 transformant(W004-cox10(R243Q)) (transformant) [Not assayed]	PHIPO:0000387	resistance to terbinafine	Cell growth assay	antimicrobial_interaction	27799210	62e6a87a49397cba6ceb211b254d7ac8e5d09ff8	2026-09-01
